year,country,cyc2,cyc_katz,broker,eigen,country_name,GDP,new_cb_firms,CB_Firms_Cumulative
2016,AFG,0,0,0,0.4260140128523697,Afghanistan,18116572395.0772,5,95
2016,AGO,0,0,0,0.42601401285236973,Angola,59878249719.3279,9,162
2016,ALB,0,0,0,0.5040044199346387,Albania,11988668784.6628,20,316
2016,AND,0,0,0,0.5870000322975214,Andorra,2896611878.6258,6,57
2016,ARE,10624144717577.568,4.96134502592227e-7,0.01092896174863388,0.9709031582979963,United Arab Emirates,381717086453.37,983,18868
2016,ARG,5841735407443350,5.031933723254056e-5,0,0.8527878136573119,Argentina,557532320662.955,295,11090
2016,ARM,0,0,0,0.4594044384824727,Armenia,10546136235.5219,33,352
2016,ATG,0,0,0,0.5118146991883772,Antigua & Barbuda,1489603703.7037,2,19
2016,AUS,285852201393835230,0.003259938106390692,0,0.8660082204428309,Australia,1211588128417.61,3200,80321
2016,AUT,29198466708570980,2.8208165877030567e-4,0,0.8989055263673543,Austria,393687359770.273,321,7558
2016,AZE,0,0,0,0.45940443848247264,Azerbaijan,37866996882.9157,25,474
2016,BDI,0,0,0,0.4594044384824727,Burundi,2618093125.14687,0,8
2016,BEL,5962206280479280,5.5696457508691566e-5,0,0.9083741874866967,Belgium,474271566739.729,659,17454
2016,BEN,0,0,0,0.4260140128523696,Benin,11821065853.3838,8,55
2016,BFA,0,0,0,0.4594044384824727,Burkina Faso,12833363045.3367,2,56
2016,BGD,0,0,0,0.4382325397858904,Bangladesh,265224515675.034,242,2872
2016,BGR,28518500237747960,2.6167527864817686e-4,0,0.5246150808150879,Bulgaria,53929397039.2106,109,1984
2016,BHR,0,0,0,0.4798015077804203,Bahrain,33884680851.0638,35,563
2016,BHS,61913928246.762596,1.0970957475819887e-9,0,0.5118146991883772,Bahamas,11880900000,9,169
2016,BIH,0,1.191047260817868e-12,0,0.5082340626376024,Bosnia & Herzegovina,17116926553.8513,26,276
2016,BLR,3213258034286489,2.88878573670992e-5,0,0.5211219139384096,Belarus,47723545321.259,33,358
2016,BLZ,20353395376.41071,3.9616223634908465e-9,0,0.492020034713941,Belize,2239604950,9,118
2016,BMU,0,0,0,0.49202003471394096,Bermuda,6899911000,9,254
2016,BOL,0,0,0,0.4798015077804202,Bolivia,33941126193.9219,4,253
2016,BRA,20711779187834452,1.9850879536864596e-4,0.00546448087431694,0.899386850748016,Brazil,1795693265999.04,2712,80610
2016,BRB,0,0,0,0.5410203220519837,Barbados,5674600000,3,148
2016,BRN,0,0,0,0.5089836884818645,Brunei,11400266044.6651,1,53
2016,BTN,0,0,0,0.4594044384824727,Bhutan,2357504760.78592,1,27
2016,BWA,0,0,0,0.49202003471394096,Botswana,15082637184.0496,4,160
2016,CAF,0,0,0,0.4260140128523698,Central African Republic,1825018144.65595,0,4
2016,CAN,467397734199333e4,0.04164519876346362,0,0.8530945226064691,Canada,1527994741907.43,3594,83849
2016,CHE,403940608407671900,0.003429996684025882,0,0.8544876533742323,Switzerland,687895460902.713,1076,29050
2016,CHL,3773023169335.2266,1.4960632288563147e-7,0,0.49202003471394096,Chile,249344863928.438,209,4150
2016,CHN,45695311151210185e3,0.39924637484521375,0.04906022938809824,0.5918998266495027,China,11456024084962,3334,65402
2016,CIV,0,0,0,0.4594044384824726,Côte d’Ivoire,48407761036.8238,21,244
2016,CMR,0,0,0,0.4137400418433583,Cameroon,33814337044.3765,25,226
2016,COG,0,0,0,0.45940443848247264,Congo - Brazzaville,10931328150.8478,0,17
2016,COL,32140296117.610813,3.236733547851145e-9,0,0.8655830124314322,Colombia,282720100286.228,396,10089
2016,COM,0,0,0,0.4137400418433583,Comoros,1012835493.19325,0,8
2016,CPV,0,0,0,0.4798015077804203,Cape Verde,1849789985.99572,0,28
2016,CRI,0,0,0,0.492020034713941,Costa Rica,58847019609.6549,49,1106
2016,CUB,0,0,0,0.30058542101848773,Cuba,91370407900,4,35
2016,CYP,49018905783158090,4.500104259559379e-4,0,0.5743331241749845,Cyprus,21046462280.5979,144,1464
2016,CZE,5116296404250799,5.2051135848163455e-5,0,0.592071887785973,Czechia,198160659303.939,285,8148
2016,DEU,7566294575734361e4,0.6201034869219868,0.00546448087431694,0.9115041469261235,Germany,3536787895179,2711,87007
2016,DJI,0,0,0,0.4260140128523697,Djibouti,2604955228.70117,1,12
2016,DMA,0,0,0,0.5020539317797255,Dominica,612711111.111111,0,17
2016,DNK,41093399922847830,3.5316606885205104e-4,0,0.813983219768745,Denmark,312181849372.233,567,13209
2016,DOM,0,1.7486012637846216e-12,0,0.47980150778042024,Dominican Republic,75552902635.7075,22,627
2016,DZA,0,0,0,0.48186686697576725,Algeria,180763839522.151,15,284
2016,ECU,0,0,0,0.45940443848247275,Ecuador,97671433000,35,986
2016,EGY,2600355320.524211,1.387046033585193e-11,0,1,Egypt,332441717791.411,241,3522
2016,ESP,2.3487083069065722e+17,0.0020419996935574503,0.00546448087431694,0.8775767543582251,Spain,1243015667917.12,1991,49743
2016,EST,1978655837321857.5,1.752559207401916e-5,0,0.5657046921241377,Estonia,24561027787.7896,205,1934
2016,ETH,0,0,0,0.4260140128523696,Ethiopia,68475871209.607,26,300
2016,FIN,1317774214482272300,0.012512189675790486,0,0.5985015399938738,Finland,238777818792.608,463,9292
2016,FJI,0,0,0,0.49202003471394096,Fiji,4930213644.36653,1,70
2016,FRA,2955655989920470500,0.025879839259886683,0,0.8779536423362698,France,2470407619777.13,2846,71612
2016,FRO,0,0,0,0.5801022775087108,Faroe Islands,2813278868.78208,2,28
2016,FSM,0,0,0,0.4137400418433584,Micronesia (Federated States of),325000000,0,1
2016,GAB,0,0,0,0.45940443848247264,Gabon,14023890265.3665,2,23
2016,GBR,29006660033122714e3,0.2377501304572982,0.00546448087431694,0.8364387782558385,United Kingdom,2706807606538.73,7711,179085
2016,GEO,0,5.1958437552457326e-14,0,0.45940443848247264,Georgia,15444548901.9637,32,352
2016,GHA,0,2.70637290356035e-10,0,0.47980150778042024,Ghana,56144179397.8516,73,1036
2016,GIN,0,0,0,0.45940443848247264,Guinea,8595955222.49719,1,35
2016,GMB,0,0,0,0.4594044384824727,Gambia,1484578885.97132,2,31
2016,GNB,0,0,0,0.4260140128523696,Guinea-Bissau,1245074264.10396,0,2
2016,GNQ,0,0,0,0.36122239742824624,Equatorial Guinea,11240808847.8878,0,8
2016,GRC,5482488702304.317,2.0818605905859044e-7,0,0.5806355500338763,Greece,193097239005.87,165,6410
2016,GRD,0,0,0,0.49202003471394096,Grenada,1061640740.74074,1,35
2016,GTM,0,0,0,0.4594044384824727,Guatemala,66053408205.8838,22,439
2016,GUY,0,0,0,0.4137400418433584,Guyana,4482697336.56174,6,51
2016,HKG,1107845691037196400,0.012275103996708392,0.01092896174863388,0.7351778930459015,Hong Kong SAR China,320860317562.562,657,12307
2016,HND,604870533.6740819,8.54893933421863e-11,0,0.4798015077804203,Honduras,21717604952.1835,8,180
2016,HRV,2894905995294054,2.487029243281036e-5,0,0.5592602342504444,Croatia,52650714171.8617,63,1684
2016,HTI,0,0,0,0.4260140128523698,Haiti,14069277526.2278,4,45
2016,HUN,8069217905762.767,6.066980817731604e-7,0,0.5472004529098606,Hungary,128983560865.293,186,3890
2016,IDN,7857466689273.618,6.568891852687386e-8,0,0.9186861678366246,Indonesia,931877364037.698,831,13596
2016,IND,13840113574791682,1.370893097580872e-4,0.00546448087431694,0.8630136725258636,India,2294796885663.16,9075,139945
2016,IRL,214148222437597760,0.001998524802768742,0,0.8931404570581697,Ireland,305431252708.748,508,11032
2016,IRN,0,2.5838178263626332e-9,0,0.44718591154895193,Iran,478618064870.999,104,1221
2016,ISL,0,0,0,0.5309864249861991,Iceland,21083713310.457,31,703
2016,ISR,523028963043729100,0.004403833140339097,0,0.8716170956800818,Israel,321940971558.016,935,13753
2016,ITA,8035752273558414,1.5229419430284885e-4,0,0.9536981731125347,Italy,1887111188176.93,1702,59893
2016,JAM,0,0,0,0.5118146991883772,Jamaica,14898999754.1229,29,348
2016,JOR,0,1.471067712088825e-11,0,0.4798015077804203,Jordan,39892551126.7606,63,1095
2016,JPN,12498714822923911e4,1.0264073592082457,0.00546448087431694,0.5658737376418952,Japan,5003677627544.24,1675,52736
2016,KAZ,124883522673.59245,3.04991543131905e-9,0,0.4594044384824727,Kazakhstan,137278320084.171,24,483
2016,KEN,467732247842470.1,3.8645696245342975e-6,0,0.42601401285236973,Kenya,74815144163.8931,195,2427
2016,KGZ,0,0,0,0.45940443848247264,Kyrgyzstan,6813095379.1187,9,72
2016,KHM,0,0,0,0.45940443848247264,Cambodia,26556545153.3573,23,349
2016,KIR,0,0,0,0.4137400418433584,Kiribati,206467818.503227,0,0
2016,KNA,0,0,0,0.5532942930609951,St. Kitts & Nevis,1006818518.51852,2,46
2016,KOR,17579187633249438e3,0.18520504319559694,0.02179787425689065,0.7272084398966581,South Korea,1579150518945.44,1352,20531
2016,KWT,0,1.254818471352337e-11,0,0.45940443848247264,Kuwait,109406674124.652,30,817
2016,LAO,0,0,0,0.42601401285236973,Laos,15912501722.6143,2,41
2016,LBN,1334005283994.7432,8.348900659704839e-8,0,0.45940443848247264,Lebanon,51147308774.1294,77,1951
2016,LBR,0,0,0,0.44641108215031733,Liberia,3398419600,2,46
2016,LBY,0,0,0,0.48186686697576725,Libya,49912073701.298,0,60
2016,LCA,0,0,0,0.5118146991883772,St. Lucia,1868544444.44444,2,24
2016,LKA,1173128410.8356667,4.2286700807636635e-9,0,0.4260140128523698,Sri Lanka,88000211171.5956,71,1229
2016,LSO,0,0,0,0.49202003471394096,Lesotho,2114426452.2019,1,27
2016,LTU,18759594986759152,1.799738786443239e-4,0,0.5211219139384095,Lithuania,42970749245.0336,144,1956
2016,LUX,357899743111616700,0.0030635813977002435,0,0.6192780313979013,Luxembourg,62216885435.9488,74,1700
2016,LVA,14353574583157.527,3.821482608135085e-7,0,0.5453257551905577,Latvia,27117105059.5075,63,940
2016,MAC,0,0,0,0.476368092250396,Macao SAR China,44964868323.7558,2,71
2016,MAR,817002793.7198148,1.6642109912368142e-10,0,0.4594044384824727,Morocco,111572947004.917,63,1193
2016,MDA,57976266476.12868,1.3082699368283102e-9,0,0.5145369781847969,Moldova,7980917075.7748,12,196
2016,MDG,0,0,0,0.42601401285236973,Madagascar,11848613858.442,6,97
2016,MDV,0,0,0,0.4594044384824727,Maldives,4409942623.85538,3,81
2016,MEX,12471866256636.764,8.208984969559907e-7,0,0.8963534585127341,Mexico,1112233497452.7,1008,20691
2016,MKD,0,0,0,0.5369713262935224,North Macedonia,10672467073.2873,17,275
2016,MLI,0,0,0,0.4594044384824727,Mali,16743796799.8329,5,53
2016,MLT,274314425894017500,0.002513179325304371,0,0.5734925764246313,Malta,12025782834.1534,55,649
2016,MMR,0,0,0,0.4382325397858904,Myanmar (Burma),63298361983.5653,29,295
2016,MNG,0,0,0,0.4260140128523698,Mongolia,11181350649.3573,12,206
2016,MOZ,0,0,0,0.4798015077804202,Mozambique,12069051237.1711,3,113
2016,MRT,0,0,0,0.4260140128523697,Mauritania,6398747592.13185,0,14
2016,MUS,0,0,0,0.5020539317797256,Mauritius,12757680846.5663,39,634
2016,MWI,0,0,0,0.4798015077804203,Malawi,7909868618.46366,5,86
2016,MYS,51565970017939.09,2.667930125710427e-7,0.01092896174863388,0.8814350674289606,Malaysia,301256033870.334,341,6399
2016,NAM,0,0,0,0.49202003471394096,Namibia,10722018732.0936,12,169
2016,NCL,0,0,0,0.45016971650540377,New Caledonia,8724568954.89799,1,42
2016,NER,0,0,0,0.4260140128523697,Niger,10398861981.7583,0,15
2016,NGA,397002112.5042282,5.362155164334581e-12,0,0.9711632427819508,Nigeria,404649125252.16,432,4501
2016,NIC,0,0,0,0.4594044384824727,Nicaragua,13286093388.4752,11,145
2016,NLD,136279166470288770,0.0011408199102467265,0,0.865238365893191,Netherlands,797163949289.885,3033,43447
2016,NOR,118480345510078290,9.460748760419246e-4,0,0.840431627964035,Norway,370956547619.048,480,7499
2016,NPL,0,0,0,0.4260140128523698,Nepal,24524109483.5293,42,656
2016,NZL,20355735346027068,1.8271686458048997e-4,0,0.5187678980526784,New Zealand,189100085275.23,367,8838
2016,OMN,0,0,0,0.4594044384824727,Oman,75128738621.5865,16,502
2016,PAK,1251165913564.0989,6.231516125332348e-8,0,0.42601401285236973,Pakistan,313630000130.435,350,5022
2016,PAN,0,0,0,0.4798015077804203,Panama,59760858717.8359,36,686
2016,PER,0,0,0,0.47980150778042024,Peru,191898104390.379,118,2076
2016,PHL,948138248654526.1,9.964630999448332e-6,0,0.9037949705375024,Philippines,318627003016.731,260,5461
2016,PNG,3241637014.8964586,1.541742511435018e-9,0,0.4586296090838381,Papua New Guinea,20758876952.6232,1,84
2016,POL,195084117356418500,0.0016497362097898094,0,0.9026892687590068,Poland,473259583969.643,571,10377
2016,PRT,4880047732444326,4.36822141127724e-5,0,0.5534307211151263,Portugal,206305431241.638,448,10488
2016,PRY,0,0,0,0.4798015077804202,Paraguay,36089700222.9546,4,272
2016,PYF,0,0,0,0.492020034713941,French Polynesia,5497036476.8031,0,12
2016,QAT,4741025425681.074,3.2251111381498276e-7,0,0.4785761642802945,Qatar,151732142857.143,32,919
2016,ROU,727590682666113.5,7.109488427303745e-6,0,0.5343316426592332,Romania,185290759248.844,511,9219
2016,RUS,1357613681592289800,0.012576622396132331,0.01639344262295082,0.8326950326855406,Russia,1276786350881.14,337,7895
2016,RWA,0,0,0,0.47980150778042024,Rwanda,8695272057.91798,15,198
2016,SAU,2860597757592466.5,2.402896248066e-5,0.03819131687984147,0.9708853287011731,Saudi Arabia,689279466666.667,184,3525
2016,SDN,0,0,0,0.43823253978589044,Sudan,42630376000,9,89
2016,SEN,0,0,0,0.45940443848247264,Senegal,19040312333.1864,19,258
2016,SGP,309811224082427100,0.0032111392040654607,0.027172281270641925,0.8420520918730033,Singapore,319646468521.497,1089,16931
2016,SLB,0,0,0,0.49202003471394096,Solomon Islands,1379486290.71433,2,9
2016,SLV,0,0,0,0.49202003471394096,El Salvador,24191430000,16,307
2016,SOM,0,0,0,0.43823253978589044,Somalia,6613743069.99912,7,61
2016,SRB,326667369315525.6,2.960847282240664e-6,0,0.5501662800709102,Serbia,42225495909.5633,68,1503
2016,STP,0,0,0,0.4594044384824727,São Tomé & Príncipe,292267272.196925,0,0
2016,SUR,0,0,0,0.5199751091884368,Suriname,3317421648.09918,1,47
2016,SVK,1242783624199839.8,1.1685349242229748e-5,0,0.5602245240560553,Slovakia,90347173228.6356,87,2928
2016,SVN,0,0,0,0.5741035590404514,Slovenia,44290685824.0682,53,1579
2016,SWE,9.248082811167361e+18,0.07887111219412479,0,0.7919438523982891,Sweden,513058312950.939,1174,24303
2016,SWZ,0,0,0,0.4260140128523697,Eswatini,3722306116.72872,0,34
2016,SYC,40496423598.97729,3.42968187183601e-9,0,0.49202003471394096,Seychelles,1568513348.14463,5,124
2016,TCD,0,0,0,0.42601401285236973,Chad,13026289835.7789,0,7
2016,TGO,0,0,0,0.4594044384824727,Togo,6071167584.1951,8,43
2016,THA,85553223294657.22,2.0614228655180256e-6,0.00546448087431694,0.8923298435774759,Thailand,413366349747.508,161,4146
2016,TJK,0,0,0,0.42601401285236973,Tajikistan,6992416096.89018,2,19
2016,TKM,0,0,0,0.4260140128523697,Turkmenistan,36169428571.4286,0,3
2016,TON,0,0,0,0.5118146991883771,Tonga,420828262.317922,0,4
2016,TTO,0,0,0,0.492020034713941,Trinidad & Tobago,23624322192.6274,37,899
2016,TUN,29711031377.118496,3.536793080627376e-9,0,0.48186686697576725,Tunisia,44360072680.4476,57,835
2016,TUR,1464601715379548.8,1.4508542364399801e-5,0.00546448087431694,0.9399047756728598,Turkey,870818016909.84,989,25316
2016,TUV,0,0,0,0.41374004184335833,Tuvalu,41629064.2232388,0,1
2016,TWN,131497026832866530,0.0015704595528884813,0.02185792349726776,0.7202340393698532,Taiwan,NA,230,4894
2016,TZA,0,0,0,0.4260140128523697,Tanzania,49774409374.4538,27,495
2016,UGA,0,0,0,0.48983540484620475,Uganda,29203988696.2626,69,667
2016,UKR,579677734047626.1,4.6229855030777145e-6,0,0.447185911548952,Ukraine,93355869403.9223,388,5621
2016,URY,18682911679501792,1.6205492399135046e-4,0,0.5187678980526784,Uruguay,57480787465.2716,48,765
2016,USA,31223615768985384e4,2.4566340896771357,0.44619588062211013,0.8452209979368261,United States,18695110842000,37386,996767
2016,UZB,0,0,0,0.4471859115489519,Uzbekistan,86138288644.171,11,122
2016,VCT,0,0,0,0.5443110247474565,St. Vincent & Grenadines,814303703.703704,0,0
2016,VEN,0,0,0,0.4798015077804203,Venezuela,112915034262.314,16,471
2016,VNM,90671763706863.33,3.408493224332787e-6,0,0.45940443848247264,Vietnam,257096001177.982,403,7009
2016,VUT,0,0,0,0.49202003471394096,Vanuatu,804323576.861028,0,0
2016,WSM,0,0,0,0.4708481360173588,Samoa,843924796.697421,0,0
2016,YEM,0,0,0,0.39642441587492533,Yemen,31317825274.1507,1,43
2016,ZAF,1540756815111296e3,0.012963563319222882,0.005434456254128386,0.865566197485377,South Africa,323585509674.481,799,21934
2016,ZWE,0,0,0,0.492020034713941,Zimbabwe,20559250000,14,381
2017,AFG,0,0,0,0.41442734544008347,Afghanistan,18753456497.8159,3,98
2017,AGO,0,0,0,0.41442734544008347,Angola,84376935689.3366,12,174
2017,ALB,907186544.1471968,9.078360285741383e-11,0,0.5615095308048333,Albania,13258268435.6048,23,339
2017,AND,0,0,0,0.6080304658294743,Andorra,3000160414.63795,7,64
2017,ARE,3028707105679.0063,5.3189293414135363e-8,0.01069456553327521,0.9678960249351626,United Arab Emirates,403365010211.028,1018,19886
2017,ARG,9373435531094050,4.4844256578580044e-5,0,0.8995942436170197,Argentina,643628393281.364,323,11413
2017,ARM,0,0,0,0.4939931654252156,Armenia,11527458709.0158,46,398
2017,ATG,0,0,0,0.5064113402597784,Antigua & Barbuda,1534855555.55556,0,19
2017,AUS,422131525695681700,0.0036938849115273342,0,0.809209626329468,Australia,1330890554614.09,3061,83382
2017,AUT,30615125424513628,1.770373523100055e-4,0,0.7842010313951421,Austria,414926138132.691,329,7887
2017,AZE,0,0,0,0.4753314596766616,Azerbaijan,40866627351.9817,40,514
2017,BDI,0,0,0,0.45728235397456507,Burundi,2831362208.34039,0,8
2017,BEL,9835897522532338,5.6621308526239034e-5,0,0.7729025573375942,Belgium,500908767351.53,597,18051
2017,BEN,0,0,0,0.4144273454400834,Benin,12701655836.9467,13,68
2017,BFA,0,0,0,0.457282353974565,Burkina Faso,14106955615.3442,1,57
2017,BGD,0,1.1434853064429262e-11,0,0.45728235397456507,Bangladesh,293732446624.596,241,3113
2017,BGR,21535992593712624,1.1209989923588459e-4,0,0.5939937135433457,Bulgaria,59167647387.606,125,2109
2017,BHR,0,0,0,0.4939931654252156,Bahrain,37204813829.7872,27,590
2017,BHS,0,7.65743024544463e-12,0,0.5064113402597784,Bahamas,12446900000,13,182
2017,BIH,0,1.4344081478157023e-13,0,0.5679129058488971,Bosnia & Herzegovina,18326373135.6099,18,294
2017,BLR,7314983096710329,3.657878720386698e-5,0,0.5287121756807047,Belarus,54725405751.1559,36,394
2017,BLZ,31180060129.855953,3.490047584264744e-9,0,0.5064113402597783,Belize,2266028250,13,131
2017,BMU,0,0,0,0.48774963451122455,Bermuda,7142316000,11,265
2017,BOL,5625707794818.069,1.8826895997747783e-7,0,0.4759440597231188,Bolivia,45927439594.7902,7,260
2017,BRA,28702427841500104,1.9481629249584742e-4,0.005356969873098905,0.861217349763401,Brazil,2063514688805.78,2616,83226
2017,BRB,0,0,0,0.548338346670349,Barbados,5683150000,8,156
2017,BRN,0,0,0,0.4939931654252156,Brunei,12128168045.1245,1,54
2017,BTN,0,0,0,0.457282353974565,Bhutan,2591358009.20276,1,28
2017,BWA,0,0,0,0.46970052880912777,Botswana,16105155856.7708,5,165
2017,CAF,0,0,0,0.41442734544008347,Central African Republic,2072349972.6818,0,4
2017,CAN,850302387964845e4,0.04297826494794377,0,0.7590980038629457,Canada,1649265644244.09,3791,87640
2017,CHE,1055079159381284500,0.005275363325054849,0,0.82806009212822,Switzerland,695200833086.499,1170,30220
2017,CHL,4483453058349.87,1.3979737478742038e-7,0,0.5251722101267242,Chile,276154259981.097,224,4374
2017,CHN,6315982331375188e4,0.31862395293191415,0.08550808873389519,0.6830121298811113,China,12537559062282.9,2738,68140
2017,CIV,0,0,0,0.42648885707918344,Côte d’Ivoire,52512343996.69,14,258
2017,CMR,0,0,0,0.43305204688276167,Cameroon,36098547033.1655,32,258
2017,COG,0,0,0,0.4144273454400834,Congo - Brazzaville,11834473039.3645,0,17
2017,COL,9954575747365.486,3.5702802803072586e-7,0,0.8208421478269938,Colombia,311866875156.879,364,10453
2017,COM,0,0,0,0.45728235397456507,Comoros,1077439756.59451,0,8
2017,CPV,0,0,0,0.513647926524861,Cape Verde,1996741539.95088,1,29
2017,CRI,0,0,0,0.5260661013594238,Costa Rica,60516044656.5206,40,1146
2017,CUB,0,0,0,0.3075547304225442,Cuba,96850649700,0,35
2017,CYP,122128484656689140,6.349037769795007e-4,0,0.5590566461499363,Cyprus,22946570628.7576,164,1628
2017,CZE,5559655675224946,5.117521128505942e-5,0,0.6038355821572632,Czechia,221563575696.217,268,8416
2017,DEU,15766232659027483e4,0.7254159943511647,0,0.774178310058562,Germany,3765351626105.89,2634,89641
2017,DJI,0,0,0,0.457282353974565,Djibouti,2762581334.22612,0,12
2017,DMA,0,0,0,0.5163784301458892,Dominica,563355555.555555,1,18
2017,DNK,57327862157667200,2.736863752192953e-4,0,0.8132890770118836,Denmark,331610593961.988,533,13742
2017,DOM,0,0,0,0.4939931654252156,Dominican Republic,79070274743.1658,28,655
2017,DZA,0,0,0,0.4950232250821826,Algeria,189880896903.073,21,305
2017,ECU,0,0,0,0.4572823539745651,Ecuador,104467486000,26,1012
2017,EGY,2186274494.461987,2.6012525466967418e-12,0,0.9071346571561674,Egypt,248362771739.13,265,3787
2017,ESP,265981528654963870,0.00128356678649455,0,0.8867564034992933,Spain,1321754088818.83,1874,51617
2017,EST,1623527183276874.8,8.035741565270982e-6,0,0.5906424411508702,Estonia,27469461919.1189,270,2204
2017,ETH,0,0,0,0.41442734544008353,Ethiopia,76366081766.6667,45,345
2017,FIN,1449900838954415400,0.007585029628746742,0,0.6345127571046332,Finland,253846138440,404,9696
2017,FJI,0,0,0,0.5064113402597783,Fiji,5353469174.47838,1,71
2017,FRA,4035554779884102700,0.019783554529005265,0.01068487842681391,0.7564407349301449,France,2588868323334.71,2612,74224
2017,FRO,0,0,0,0.6032097016160187,Faroe Islands,2980057377.87967,0,28
2017,FSM,0,0,0,0.4127341599120455,Micronesia (Federated States of),359000000,0,1
2017,GAB,0,0,0,0.45728235397456507,Gabon,14929487485.1623,3,26
2017,GBR,4890877706873642e4,0.22634720769794225,0,0.748837377504208,United Kingdom,2699118387873.1,7394,186479
2017,GEO,19080695786641.59,5.492094394821123e-7,0,0.4949862207763069,Georgia,16473125375.0684,36,388
2017,GHA,14648615833390.188,3.478643684218241e-7,0,0.45728235397456507,Ghana,60385409434.8567,99,1135
2017,GIN,0,0,0,0.4451135585218617,Guinea,10324668271.1362,2,37
2017,GMB,0,0,0,0.44511355852186174,Gambia,1504909462.69521,0,31
2017,GNB,0,0,0,0.41442734544008353,Guinea-Bissau,1469978606.12143,0,2
2017,GNQ,0,0,0,0.32496490745053946,Equatorial Guinea,12200913878.9827,0,8
2017,GRC,5848009256.483723,6.595344270721171e-10,0,0.6523959693064877,Greece,200381103984.298,178,6588
2017,GRD,0,0,0,0.5260661013594237,Grenada,1125685185.18519,2,37
2017,GRL,0,0,0,0.4386576525318868,Greenland,2851613679.03433,0,18
2017,GTM,0,0,0,0.4572823539745651,Guatemala,71653780740.4226,22,461
2017,GUY,0,0,0,0.4451135585218617,Guyana,4748174334.14044,2,53
2017,HKG,2339899541964367e3,0.014731932670406067,0.005356969873098905,0.7194835913926431,Hong Kong SAR China,341273289534.466,642,12949
2017,HND,0,3.9812597663058114e-13,0,0.45728235397456507,Honduras,23136247990.5977,7,187
2017,HRV,4050804072132956,1.932553306671636e-5,0,0.5864112801939286,Croatia,56182782585.9052,76,1760
2017,HTI,0,0,0,0.4264888570791835,Haiti,15093357161.1498,3,48
2017,HUN,3443429110678.894,1.137937373218989e-7,0,0.5680490742731646,Hungary,143335098991.862,186,4076
2017,IDN,9182467175497.787,3.662139125282238e-8,0,0.8853712787246412,Indonesia,1015618744159.73,873,14469
2017,IND,26525808705979720,1.5587467012001532e-4,0.016070909619296716,0.9042207251238669,India,2651474262755.45,8809,148754
2017,IRL,729030364244841e3,0.0038669078677804336,0,0.8126388006043334,Ireland,348355212568.515,501,11533
2017,IRN,1157796090.140366,3.0171807274825824e-9,0,0.4567067582339836,Iran,510239893417.645,87,1308
2017,IRQ,0,0,0,0.4265961408927869,Iraq,187217660050.676,27,318
2017,ISL,0,0,0,0.5767446116241046,Iceland,25060086487.8901,30,733
2017,ISR,76065279459109e4,0.0036203850765188506,0,0.8714985671258909,Israel,358451839052.991,971,14724
2017,ITA,13146077516151538,1.621413208556799e-4,0.005356969873098905,0.8539638572993898,Italy,1970720904584.71,1851,61744
2017,JAM,0,0,0,0.5260661013594238,Jamaica,15783583236.675,15,363
2017,JOR,0,7.049916206369744e-13,0,0.494986220776307,Jordan,41608435915.493,68,1163
2017,JPN,21665753009501114e4,1.004424647777292,0.13807032839290903,0.575727258418338,Japan,4930837369151.42,1776,54512
2017,KAZ,188019615903.09003,3.0465234779342154e-9,0,0.47533145967666174,Kazakhstan,166805788827.233,30,513
2017,KEN,620926097241823.75,2.9011617892482633e-6,0,0.43305204688276167,Kenya,82036510877.2599,212,2639
2017,KGZ,0,0,0,0.45728235397456507,Kyrgyzstan,7702938379.42036,4,76
2017,KHM,0,0,0,0.45728235397456507,Cambodia,29355665909.7905,26,375
2017,KIR,0,0,0,0.4572823539745651,Kiribati,222875736.343445,0,0
2017,KNA,0,0,0,0.6141063242792599,St. Kitts & Nevis,1056977777.77778,4,50
2017,KOR,3774197211430247e4,0.20957656628955545,0.021418192385934322,0.6872807882061819,South Korea,1710196756713.17,1384,21915
2017,KWT,0,1.4099832412739488e-13,0,0.4939931654252155,Kuwait,120687539805.505,34,851
2017,LAO,0,0,0,0.43305204688276155,Laos,17071155481.4994,3,44
2017,LBN,3272120818.684341,3.0555802332798976e-10,0,0.47533145967666174,Lebanon,53027680685.9038,82,2033
2017,LBR,0,0,0,0.44511355852186163,Liberia,3390703400,1,47
2017,LBY,0,0,0,0.5136479265248608,Libya,67157452181.7738,2,62
2017,LCA,0,0,0,0.5360331912455345,St. Lucia,1998503703.7037,2,26
2017,LKA,0,1.8607337892717624e-13,0,0.45728235397456507,Sri Lanka,94369350285.5814,80,1309
2017,LSO,0,0,0,0.45728235397456507,Lesotho,2306741672.29006,3,30
2017,LTU,37461086727360704,2.0240278185235105e-4,0,0.5773541070521697,Lithuania,47756764508.446,167,2123
2017,LUX,378407854747876350,0.0017937736877173815,0,0.6079360889072319,Luxembourg,65712180342.9836,84,1784
2017,LVA,28715472637144.707,5.39566031187988e-7,0,0.5782242663163073,Latvia,29391059767.4259,93,1033
2017,MAC,0,0,0,0.4906216334200405,Macao SAR China,50297028370.6668,2,73
2017,MAR,0,5.803357794320618e-12,0,0.43865765253188693,Morocco,118540573367.844,54,1247
2017,MDA,0,0,0,0.5615095308048335,Moldova,9514404016.20949,20,216
2017,MDG,0,0,0,0.4451135585218617,Madagascar,13176313593.5509,12,109
2017,MDV,0,0,0,0.45728235397456507,Maldives,4816426256.52914,2,83
2017,MEX,1399365218250.2131,2.751817684831792e-8,0,0.858505980774443,Mexico,1190721475906,1030,21721
2017,MKD,0,0,0,0.5750063240471123,North Macedonia,11307067069.6658,17,292
2017,MLI,0,0,0,0.45728235397456507,Mali,18308362040.0521,8,61
2017,MLT,394724986450819100,0.0020137011160472618,0,0.6002900973361924,Malta,14161366724.1955,69,718
2017,MMR,0,0,0,0.457282353974565,Myanmar (Burma),66053040475.0257,27,322
2017,MNG,0,0,0,0.4045221632667797,Mongolia,11480847740.736,12,218
2017,MOZ,0,0,0,0.457282353974565,Mozambique,13264640645.7768,7,120
2017,MRT,0,0,0,0.42648885707918344,Mauritania,6800135898.28827,0,14
2017,MUS,0,0,0,0.48774963451122444,Mauritius,13896938315.2799,49,683
2017,MWI,0,0,0,0.45728235397456507,Malawi,8943543793.5839,4,90
2017,MYS,51394650747517.47,4.843621601580139e-7,0.005356969873098905,0.813704006635806,Malaysia,319109094160.343,358,6757
2017,NAM,0,0,0,0.5064113402597783,Namibia,12895153370.9132,11,180
2017,NCL,0,0,0,0.4398721769465699,New Caledonia,9174048681.98577,0,42
2017,NER,0,0,0,0.4144273454400834,Niger,11185104251.6943,0,15
2017,NGA,0,0,0,1,Nigeria,375745731053.427,512,5013
2017,NIC,0,0,0,0.45728235397456507,Nicaragua,13785893007.4769,3,148
2017,NLD,228266509874863500,0.001083063366245085,0,0.8151258983330045,Netherlands,848233537845.884,3224,46671
2017,NOR,167966403874338180,7.513849712634801e-4,0,0.8108173965599064,Norway,401745275035.261,418,7917
2017,NPL,74945862.1097124,2.823563605147683e-11,0,0.41442734544008347,Nepal,28971588940.364,69,725
2017,NZL,24969038808987844,1.2829272481051923e-4,0,0.5395472592405551,New Zealand,206745969246.073,334,9172
2017,OMN,0,0,0,0.45728235397456507,Oman,80856697009.1027,15,517
2017,PAK,1537049063081.498,5.933055757800787e-8,0,0.4660323113241659,Pakistan,339205534861.1,370,5392
2017,PAN,399750969634870.5,1.9415731353777943e-6,0,0.4753314596766617,Panama,64327688826.3137,33,719
2017,PER,0,0,0,0.4939931654252157,Peru,211007984080.911,98,2174
2017,PHL,309796731226886.06,5.7443661298783866e-6,0.005361813426329555,0.8392092420547231,Philippines,328480736802.76,250,5711
2017,PNG,0,0,0,0.457282353974565,Papua New Guinea,22742699138.356,1,85
2017,POL,386762312082627e3,0.0018424094799238677,0.01071393974619781,0.8827754782528944,Poland,528356676667.211,527,10904
2017,PRT,21997292256002136,1.0683762748908698e-4,0,0.5906424411508701,Portugal,220862990767.229,385,10873
2017,PRY,0,0,0,0.47594405972311876,Paraguay,38997129473.5613,11,283
2017,PYF,0,0,0,0.48836223455768163,French Polynesia,5833352692.7995,0,12
2017,QAT,41911068259.440765,5.892500265503031e-9,0,0.5127540352921615,Qatar,161099175824.176,41,960
2017,ROU,97735414957340.31,2.4621765506438464e-6,0,0.5939937135433456,Romania,210147385855.419,454,9673
2017,RUS,2819186661526027300,0.014510503023283716,0.02678484936549453,0.8328358301080451,Russia,1574199360089,312,8207
2017,RWA,0,0,0,0.457282353974565,Rwanda,9252833891.40871,24,222
2017,SAU,5110381374075.127,1.1628574503319555e-7,0.037372856727695435,0.9683677110001577,Saudi Arabia,741266133333.333,198,3723
2017,SDN,0,0,0,0.4144273454400834,Sudan,41283617976.1905,7,96
2017,SEN,0,0,0,0.4451135585218617,Senegal,20996562943.5979,23,281
2017,SGP,655970861563173500,0.00392265130203695,0.02663954276857503,0.8051107117587725,Singapore,343673334902.33,1193,18124
2017,SLB,0,0,0,0.4759440597231189,Solomon Islands,1469790526.3972,0,9
2017,SLV,0,0,0,0.4939931654252156,El Salvador,24979190000,28,335
2017,SMR,0,0,0,0.6251304821181297,San Marino,1528620346.31168,1,15
2017,SOM,0,0,0,0.4330520468827617,Somalia,7621501710.0012,4,65
2017,SRB,226383661256.6142,2.6746497017171578e-8,0,0.5750063240471122,Serbia,45972834713.8077,80,1583
2017,STP,0,0,0,0.45728235397456507,São Tomé & Príncipe,322002845.229335,0,0
2017,SUR,0,0,0,0.5324087963918066,Suriname,3591679430.99988,2,49
2017,SVK,6539421496939054,3.8674682137918026e-5,0,0.5734747290583287,Slovakia,95978130734.9766,58,2986
2017,SVN,1277498609.3427486,1.450248809931054e-10,0,0.573002465818365,Slovenia,48153200134.6613,63,1642
2017,SWE,13296561656257313e3,0.06409557146329714,0,0.8251137226860712,Sweden,535172356784.769,988,25291
2017,SWZ,0,0,0,0.4451135585218617,Eswatini,4462640651.49219,1,35
2017,SYC,40082262818.58477,1.4522043567666287e-9,0,0.48774963451122455,Seychelles,1675370641.01416,20,144
2017,TCD,0,0,0,0.41442734544008353,Chad,13349041408.7152,1,8
2017,TGO,0,0,0,0.43865765253188693,Togo,6387424239.8801,5,48
2017,THA,95385398342634.95,6.946225352688629e-7,0.01071393974619781,0.8279877506460737,Thailand,456356813536.764,165,4311
2017,TJK,0,0,0,0.41442734544008347,Tajikistan,7536402852.85802,0,19
2017,TKM,0,0,0,0.41442734544008347,Turkmenistan,37926285714.2857,0,3
2017,TON,0,0,0,0.5260661013594238,Tonga,459976850.268529,0,4
2017,TTO,0,0,0,0.5064113402597784,Trinidad & Tobago,23830750900.6899,36,935
2017,TUN,25782244454.063507,1.0456167043315645e-9,0,0.5136479265248609,Tunisia,42163530590.9462,53,888
2017,TUR,90224840380764.89,1.989238275434957e-6,0.04771868642836385,0.9120317863886548,Turkey,863874522365.276,1055,26371
2017,TUV,0,0,0,0.39410945846936757,Tuvalu,45276595.3533146,0,1
2017,TWN,180841026500760030,0.0013802448224349284,0.01071393974619781,0.6643304226633059,Taiwan,NA,240,5134
2017,TZA,0,3.3306690738754696e-15,0,0.4330520468827616,Tanzania,53274884532.7886,27,522
2017,UGA,18335272103.2142,6.71073863145466e-10,0,0.46724944386067596,Uganda,30744473841.424,65,732
2017,UKR,3116235643207358,1.511959634070692e-5,0,0.430362268616961,Ukraine,112090505081.739,389,6010
2017,URY,31601157429190712,1.5515342418015443e-4,0,0.5240508878214394,Uruguay,65005997963.4822,43,808
2017,USA,55502220628695817e4,2.467414595330129,1.272943911653589,0.7298540059583153,United States,19477336549000,37370,1034137
2017,UZB,0,0,0,0.45728235397456507,Uzbekistan,69703222282.7278,2,124
2017,VCT,0,0,0,0.5260661013594237,St. Vincent & Grenadines,844040740.740741,0,0
2017,VEN,0,0,0,0.4572823539745651,Venezuela,115883275162.586,7,478
2017,VNM,5567349708960.025,1.6281744130708375e-7,0,0.45728235397456507,Vietnam,281353605986.903,383,7392
2017,VUT,0,0,0,0.5064113402597785,Vanuatu,880043284.399407,0,0
2017,WSM,0,0,0,0.45728235397456507,Samoa,884844384.463214,0,0
2017,YEM,0,0,0,0.36764470180931885,Yemen,26842229044.5848,2,45
2017,ZAF,1806593766385346300,0.008436748211154033,0,0.8239118815208085,South Africa,381448814653.456,738,22672
2017,ZWE,0,0,0,0.4883622345576816,Zimbabwe,51035657370.5179,12,393
2018,AFG,0,0,0,0.4370252374041398,Afghanistan,18053222687.4126,1,99
2018,AGO,0,0,0,0.42442839298738744,Angola,89512794227.495,8,182
2018,ALB,1049503622272958.8,3.1739114696449633e-6,0,0.5527208879549961,Albania,15379508329.7568,19,358
2018,AND,0,0,0,0.6092016837510263,Andorra,3218418631.67579,1,65
2018,ARE,48180951407157.89,7.396750243415795e-7,0.010888928921715807,0.9429980794348315,United Arab Emirates,440560108917.631,932,20818
2018,ARG,10484715915044750,3.106610097813878e-5,0,0.8903830677470714,Argentina,524819892360.176,299,11712
2018,ARM,0,0,0,0.5527208879549961,Armenia,12457940694.7395,35,433
2018,ATG,0,0,0,0.5856558293792948,Antigua & Barbuda,1661529629.62963,0,19
2018,AUS,717215785218013400,0.0023369299612687744,0.0054444644608579035,0.7805511542527035,Australia,1433144978761.67,2658,86040
2018,AUT,91085258230346608,3.1125722075930895e-4,0,0.8317022678940493,Austria,452582294972.775,283,8170
2018,AZE,0,0,0,0.5044017038480944,Azerbaijan,47112470051.7701,34,548
2018,BDI,0,0,0,0.5032737237059131,Burundi,2913411408.44783,2,10
2018,BEL,13348310070824482,5.2676252151773184e-5,0,0.8105742725311784,Belgium,542638913427.921,483,18534
2018,BEN,0,0,0,0.48606107398478904,Benin,14262408089.9261,14,82
2018,BFA,0,0,0,0.503273723705913,Burkina Faso,15890066221.2882,3,60
2018,BGD,0,3.339195586704591e-11,0,0.503273723705913,Bangladesh,321362752441.78,249,3362
2018,BGR,24592292297259348,8.926180905022285e-5,0,0.5712357834930607,Bulgaria,66097226262.2191,108,2217
2018,BHR,0,0,0,0.5863497545094185,Bahrain,39567978723.4043,39,629
2018,BHS,0,0,0,0.6386784732936113,Bahamas,12819200000,11,193
2018,BIH,1852700361.3085139,1.2440937169344579e-11,0,0.5355082382338721,Bosnia & Herzegovina,20484058033.1144,10,304
2018,BLR,23839602605121024,8.02459993944904e-5,0,0.5843799937714568,Belarus,60031026576.26,28,422
2018,BLZ,29199413466.368664,2.2472579352950106e-9,0,0.5662246799325884,Belize,2285915050,4,135
2018,BMU,0,0,0,0.5174089285282667,Bermuda,7225977000,15,280
2018,BOL,0,0,0,0.5147800485392644,Bolivia,48414038842.2576,21,281
2018,BRA,16093268482497258,6.0006997270267703e-5,0.0054444644608579035,0.8456076098306488,Brazil,1916933708352.71,2502,85728
2018,BRB,0,0,0,0.6386784732936112,Barbados,6001950000,5,161
2018,BRN,0,0,0,0.5370074549680451,Brunei,13566908391.0895,4,58
2018,BTN,0,0,0,0.503273723705913,Bhutan,2583335721.85904,0,28
2018,BWA,0,0,0,0.5338522589557009,Botswana,17031943186.1353,8,173
2018,CAF,0,0,0,0.4679929179359755,Central African Republic,2220979146.11241,0,4
2018,CAN,21446919954013774e3,0.06712946719839152,0,0.8301223107411715,Canada,1725329192783.02,3415,91055
2018,CHE,1808938848407563e3,0.005712609821968639,0,0.8014328450480586,Switzerland,725568717468.001,1058,31278
2018,CHL,0,0,0,0.6207386178420786,Chile,295857562991.709,192,4566
2018,CHN,10527845577050271e4,0.3498661587832279,0.005449468564222662,0.6372360815283236,China,14147765772963.8,2050,70190
2018,CIV,0,0,0,0.503273723705913,Côte d’Ivoire,58522477786.688904,22,280
2018,CMR,0,0,0,0.5032737237059131,Cameroon,39955552189.795,28,286
2018,COL,0,0,0,0.8532802892140529,Colombia,334198218098.276,362,10815
2018,COM,0,0,0,0.5217834136749382,Comoros,1178530633.24599,0,8
2018,CPV,0,0,0,0.5527208879549961,Cape Verde,2205099506.99994,2,31
2018,CRI,0,0,0,0.5642272127883473,Costa Rica,62420164991.5374,38,1184
2018,CUB,0,0,0,0.3594461760302975,Cuba,100050036100,1,36
2018,CYP,176714859154790100,5.823547199284018e-4,0,0.6080937606157863,Cyprus,25754001367.5448,110,1738
2018,CZE,34945556503238736,1.1020096863645357e-4,0,0.6111294242377943,Czechia,251992360762.236,231,8647
2018,DEU,1940037208682207e5,0.5781273502331616,0,0.8493157314044226,Germany,4055433215301.96,2626,92267
2018,DJI,0,0,0,0.503273723705913,Djibouti,2913464658.08768,0,12
2018,DMA,0,0,0,0.6386784732936113,Dominica,628244444.444444,1,19
2018,DNK,89943860801493008,2.771958738234659e-4,0,0.839604785855191,Denmark,355293374912.393,476,14218
2018,DOM,0,0,0,0.5642272127883473,Dominican Republic,84994732049.3461,21,676
2018,DZA,0,2.757625239269146e-10,0,0.5712357834930607,Algeria,194554483655.528,17,322
2018,ECU,0,0,0,0.5147800485392643,Ecuador,107478961000,40,1052
2018,EGY,5372400376.3906355,1.1783685138766486e-11,0,0.9194962525808004,Egypt,262588632526.73,349,4136
2018,ESP,2.6225821898039558e+17,8.112906805826103e-4,0,0.83328255647468,Spain,1431642809327.06,1607,53224
2018,EST,2558391935645048.5,8.317973184457372e-6,0,0.5850985145009228,Estonia,31222632740.7247,293,2497
2018,ETH,0,0,0,0.42442839298738744,Ethiopia,83337901071.9697,43,388
2018,FIN,1403094907420887300,0.004645047110023226,0,0.6338621282353504,Finland,273869255596.078,344,10040
2018,FJI,0,0,0,0.5864930502826614,Fiji,5581425327.44397,0,71
2018,FRA,5539033481508498e3,0.01724669865552131,0.010888928921715807,0.8302949413504475,France,2781576320884.39,2288,76512
2018,FRO,0,0,0,0.597695358917675,Faroe Islands,3188600927.46688,0,28
2018,FSM,0,0,0,0.3737814760006935,Micronesia (Federated States of),392000000,0,1
2018,GAB,0,0,0,0.5147800485392643,Gabon,16867326401.9626,1,27
2018,GBR,9259634978816408e4,0.2714351757175155,0,0.8067085174808538,United Kingdom,2897028009916.05,6761,193240
2018,GEO,167278743539.75278,1.8337285023761751e-9,0,0.5216143535692183,Georgia,17902544880.6471,45,433
2018,GHA,27283072912671.418,3.8178643957387237e-7,0,0.5032737237059128,Ghana,67259353965.6087,111,1246
2018,GIN,0,0,0,0.4852055676570993,Guinea,11857030366.7891,0,37
2018,GMB,0,0,0,0.5032737237059131,Gambia,1670671327.81651,4,35
2018,GNB,0,0,0,0.4679929179359756,Guinea-Bissau,1554133593.91699,1,3
2018,GNQ,0,0,0,0.33393531923065417,Equatorial Guinea,13097012133.6159,1,9
2018,GRC,5746329841949.04,1.350423830537295e-7,0,0.6456371726140462,Greece,213298873494.394,153,6741
2018,GRD,0,0,0,0.5780899437962094,Grenada,1166514814.81481,1,38
2018,GRL,0,0,0,0.48633354779928073,Greenland,3055782146.15957,0,18
2018,GTM,0,0,0,0.503273723705913,Guatemala,73328356007.6152,20,481
2018,GUY,0,0,0,0.503273723705913,Guyana,4787636997.85343,0,53
2018,HKG,4039299185783527e3,0.015943516710441363,0.021717808603054507,0.6908962149449515,Hong Kong SAR China,361731070995.726,571,13520
2018,HND,0,0,0,0.5147800485392643,Honduras,24067750760.499,6,193
2018,HRV,13087147150771748,3.948504243234119e-5,0,0.5712357834930607,Croatia,61667925219.0755,63,1823
2018,HTI,0,0,0,0.503273723705913,Haiti,16403864617.8458,3,51
2018,HUN,22893571220347.594,5.771255202624559e-7,0,0.5972666932299322,Hungary,161184691013.835,160,4236
2018,IDN,6941017149553.999,2.0445853898820587e-8,0,0.9327603241409322,Indonesia,1042271532988.63,865,15334
2018,IND,53560531328304376,1.8589854498807235e-4,0.021777857843431614,0.9564703085164983,India,2702929641648.74,8239,156993
2018,IRL,1779267825712419300,0.00583857099440821,0,0.8061206472828419,Ireland,395780319816.603,415,11948
2018,IRN,0,0,0,0.552720887954996,Iran,411903303606.044,72,1380
2018,IRQ,0,0,0,0.4860610739847891,Iraq,227367469034.031,15,333
2018,ISL,0,0,0,0.5850985145009227,Iceland,26677652544.3499,22,755
2018,ISR,1353070268346567200,0.004102946457573697,0,0.9053124871075039,Israel,376299083108.497,911,15635
2018,ITA,61440278487715800,2.1312269495821212e-4,0,0.8193462533436507,Italy,2099435266458.67,1746,63490
2018,JAM,0,2.4424906541753444e-14,0,0.5654930993794571,Jamaica,16855447986.2221,15,378
2018,JOR,4716904010.862806,1.1503984431726622e-9,0,0.503273723705913,Jordan,43370860704.2254,43,1206
2018,JPN,3587121068473263e5,1.0618975074700225,0.02179787425689065,0.5088291008803706,Japan,5040880939324.86,1913,56425
2018,KAZ,408056254589.34344,6.284465836614572e-9,0,0.5527208879549962,Kazakhstan,179339977690.485,31,544
2018,KEN,1542662756014711,4.581078612453382e-6,0,0.4852055676570994,Kenya,92202979985.2863,192,2831
2018,KGZ,0,0,0,0.503273723705913,Kyrgyzstan,8271106235.41552,2,78
2018,KHM,0,0,0,0.503273723705913,Cambodia,33145892168.8958,42,417
2018,KIR,0,0,0,0.5147800485392644,Kiribati,233514717.441266,0,0
2018,KNA,0,0,0,0.6647093830304829,St. Kitts & Nevis,1076548148.14815,9,59
2018,KOR,6015192965326956e4,0.20905155297775857,0.010888928921715807,0.6501511239409642,South Korea,1824251454306.83,1415,23330
2018,KWT,182465460.6725393,3.8168801452798107e-11,0,0.5926760945811519,Kuwait,138646316350.727,39,890
2018,LAO,0,0,0,0.503273723705913,Laos,18141641089.7963,1,45
2018,LBR,0,0,0,0.503273723705913,Liberia,3422754800,1,48
2018,LCA,0,0,0,0.5979575397345098,St. Lucia,2060955555.55556,3,29
2018,LKA,0,9.325873406851315e-14,0,0.5032737237059128,Sri Lanka,94450015982.8405,82,1391
2018,LSO,0,0,0,0.4852055676570994,Lesotho,2556247291.99785,3,33
2018,LTU,42288383143456400,1.4380639001365658e-4,0,0.5843799937714569,Lithuania,54261795148.5372,152,2275
2018,LUX,416829800488385200,0.0012524951322581135,0,0.6022884604783004,Luxembourg,71085623495.1145,101,1885
2018,LVA,51150807669902.23,7.3684447854383e-7,0,0.5712357834930606,Latvia,33247935477.3576,65,1098
2018,MAC,0,0,0,0.5138636742703254,Macao SAR China,55076322634.344,4,77
2018,MAR,0,1.1749046180398182e-11,0,0.4860610739847891,Morocco,127341147581.818,57,1304
2018,MDA,143081190185.6062,1.3701866308224453e-9,0,0.5712357834930607,Moldova,11252353420.8798,17,233
2018,MDG,0,0,0,0.503273723705913,Madagascar,13760033282.2925,10,119
2018,MDV,0,0,0,0.5217834136749383,Maldives,5404344162.69888,6,89
2018,MEX,3259497537153.7314,4.2300179359244794e-8,0,0.8453867187662425,Mexico,1256300182879.73,815,22536
2018,MKD,0,0,0,0.552720887954996,North Macedonia,12683068114.2388,14,306
2018,MLI,0,0,0,0.503273723705913,Mali,20368015381.2413,9,70
2018,MLT,696082317812075800,0.002236887641126728,0,0.650367531821571,Malta,16153779510.9928,82,800
2018,MMR,0,0,0,0.503273723705913,Myanmar (Burma),67860515993.1186,27,349
2018,MNG,0,0,0,0.4427719161780551,Mongolia,13178094720.4986,17,235
2018,MOZ,0,0,0,0.5147800485392644,Mozambique,15017358952.8452,6,126
2018,MRT,0,0,0,0.4679929179359755,Mauritania,7473550557.07378,0,14
2018,MUS,4023484880.5683975,7.839036086920714e-10,0,0.5286427795471265,Mauritius,14957535715.9696,42,725
2018,MWI,0,0,0,0.503273723705913,Malawi,9879220354.29186,5,95
2018,MYS,93223135784687.27,7.155211356746349e-7,0.0054444644608579035,0.8210116749898199,Malaysia,358788845712.53,292,7049
2018,NAM,0,0,0,0.5845653097958937,Namibia,13682019076.4022,4,184
2018,NCL,0,0,0,0.48520556765709927,New Caledonia,9896402283.68587,0,42
2018,NER,0,0,0,0.4091928065985835,Niger,12837307496.8821,1,16
2018,NGA,0,0,0,1,Nigeria,421739251509.08,502,5515
2018,NIC,0,0,0,0.5147800485392643,Nicaragua,13025221974.232,6,154
2018,NLD,587203764471316400,0.00180973745207047,0,0.8318334731441969,Netherlands,929733599796.862,3250,49921
2018,NOR,281595104720944450,8.030332536708151e-4,0,0.8393687261556122,Norway,439788625883.8,324,8241
2018,NPL,0,1.1572298674877857e-11,0,0.5032737237059128,Nepal,33111525237.149,53,778
2018,NZL,40691440568149600,1.2963372382457372e-4,0,0.6286406140015839,New Zealand,211985631173.205,310,9482
2018,OMN,0,0,0,0.5217834136749383,Oman,91505851755.5267,14,531
2018,PAK,62618222.1108113,3.5796698938384e-11,0,0.50629757206892,Pakistan,356128166704.921,336,5728
2018,PAN,2255531133785056.5,7.0031004151260845e-6,0,0.5217834136749382,Panama,67316471181.2488,29,748
2018,PER,0,0,0,0.5642272127883474,Peru,222597009739.235,106,2280
2018,PHL,13558230702467136,4.787588387733521e-5,0,0.864877639171995,Philippines,346841896587.313,191,5902
2018,PNG,0,0,0,0.5032737237059131,Papua New Guinea,24109780708.0268,2,87
2018,POL,390910191072613100,0.0011937524773708574,0.0054444644608579035,0.8743257722031961,Poland,594616687350.017,408,11312
2018,PRT,31365353996703788,9.467403708662836e-5,0,0.6092016837510265,Portugal,242092894542.888,392,11265
2018,PRY,0,0,0,0.503273723705913,Paraguay,40225448340.6341,7,290
2018,PYF,0,0,0,0.5662884849013207,French Polynesia,6135116253.33452,3,15
2018,QAT,2832490435.925661,9.217135943373478e-10,0,0.5527208879549961,Qatar,183335164835.165,51,1011
2018,ROU,368403572946251.94,4.715107263297824e-6,0,0.6111294242377944,Romania,241791427223.903,334,10007
2018,RUS,3805168422345341400,0.012284371652902193,0.010888928921715807,0.858163919349205,Russia,1657328773461.31,250,8457
2018,RWA,0,0,0,0.5139734368935984,Rwanda,9637904520.86283,33,255
2018,SAU,17500937305413864,5.2500845470149216e-5,0.03805120198562821,0.9722651560618669,Saudi Arabia,886564800000,183,3906
2018,SDN,0,0,0,0.4550933934529534,Sudan,32333780383.2924,3,99
2018,SEN,0,0,0,0.503273723705913,Senegal,23116701556.1381,20,301
2018,SGP,1556004455623896800,0.005909409519599729,0.03781100502411978,0.8128790689777142,Singapore,377123710560.614,1219,19343
2018,SLB,0,0,0,0.503273723705913,Solomon Islands,1615473250.25259,0,9
2018,SLV,0,0,0,0.5332897385082898,El Salvador,26020850000,19,354
2018,SMR,0,0,0,0.5850985145009227,San Marino,1655353653.05934,1,16
2018,SOM,0,0,0,0.45423788712526375,Somalia,7873000000,4,69
2018,SRB,6271827801840.337,1.2313701547306266e-7,0,0.5712357834930606,Serbia,52787520248.9242,73,1656
2018,STP,0,0,0,0.503273723705913,São Tomé & Príncipe,383717327.830508,0,0
2018,SUR,0,0,0,0.5508237567259292,Suriname,3996198866.57453,1,50
2018,SVK,10973953979121910,3.509359810971446e-5,0,0.5712357834930605,Slovakia,106611673364.837,61,3047
2018,SVN,1150615532.270985,7.525646772421624e-11,0,0.583832627909813,Slovenia,53689067639.9176,34,1676
2018,SWE,19105304922672296e3,0.05917760132275873,0,0.8329687010922977,Sweden,549649344043.182,885,26176
2018,SWZ,0,0,0,0.5032737237059131,Eswatini,4643751059.28203,1,36
2018,SYC,128444560135.78944,3.4426148598498685e-9,0,0.5578521827038371,Seychelles,1784313926.76807,19,163
2018,TCD,0,0,0,0.43985780706414945,Chad,15327000248.8701,1,9
2018,TGO,0,0,0,0.503273723705913,Togo,7029215766.46367,6,54
2018,THA,177620592884923.38,3.551499150322712e-7,0.021777857843431614,0.8794422836753547,Thailand,506754208404.485,180,4491
2018,TJK,0,0,0,0.42442839298738744,Tajikistan,7764999999.45362,0,19
2018,TKM,0,0,0,0.42442839298738755,Turkmenistan,40765428571.4286,0,3
2018,TON,0,0,0,0.5730589849625423,Tonga,493530783.00463,0,4
2018,TTO,0,0,0,0.566583618962858,Trinidad & Tobago,23883058083.2171,43,978
2018,TUN,37622209817.87259,1.0796452620809305e-9,0,0.48606107398478904,Tunisia,42686504459.801,63,951
2018,TUR,27402563527062176,8.8587153524777307e-05,0.0054444644608579035,0.8761367559075042,Turkey,788356985773.667,974,27345
2018,TUV,0,0,0,0.3715367684744118,Tuvalu,48015259.8751356,0,1
2018,TWN,157985685052089570,8.69175992348703e-4,0.010888928921715807,0.6903726733683612,Taiwan,NA,226,5360
2018,TZA,0,0,0,0.44164104270851123,Tanzania,57003712892.0858,35,557
2018,UGA,8539296915.405022,4.911313578048748e-10,0,0.5139734368935985,Uganda,32927025619.6795,73,805
2018,UKR,9590878937341896,2.9579010458080646e-5,0,0.49351867079516815,Ukraine,130891088293.55,306,6316
2018,URY,47768179808901424,1.4789842282159071e-4,0,0.5724743571597548,Uruguay,65344577415.7535,37,845
2018,USA,8652570186029255e5,2.472734933935964,1.3068215937068397,0.7875219755435264,United States,20533057312000,34334,1068471
2018,UZB,0,0,0,0.503273723705913,Uzbekistan,58695899092.1083,6,130
2018,VCT,0,0,0,0.6263767629383961,St. Vincent & Grenadines,884329629.62963,0,0
2018,VEN,0,0,0,0.5147800485392644,Venezuela,102021093964.682,5,483
2018,VNM,31105752307507.004,5.055307039647516e-7,0,0.845332358881012,Vietnam,310106478394.659,407,7799
2018,VUT,0,0,0,0.5864930502826616,Vanuatu,914727908.137793,0,0
2018,WSM,0,0,0,0.5147800485392644,Samoa,878448433.404342,0,0
2018,YEM,0,0,0,0.36065373542148554,Yemen,21606160663.0318,2,47
2018,ZAF,950229734179378600,0.002820832293240816,0,0.898190107625205,South Africa,405260723892.517,626,23298
2018,ZWE,0,0,0,0.5147800485392644,Zimbabwe,34141666666.6667,22,415
2019,AFG,0,0,0,0.4431663634431005,Afghanistan,18799444490.1128,3,102
2019,AGO,0,0,0,0.403929787405339,Angola,80734428592.5368,13,195
2019,ALB,1720510102859550.5,4.072104883290351e-6,0,0.5580801284935336,Albania,15585111614.0376,14,372
2019,AND,0,0,0,0.6394279687170769,Andorra,3155150255.91195,6,71
2019,ARE,22868859670981076,5.637828235860454e-5,0.005412508909479687,0.9522207600046496,United Arab Emirates,433926208304.969,913,21731
2019,ARG,13617749074599918,3.199647673368666e-5,0,0.9128465770966931,Argentina,447754683615.225,256,11968
2019,ARM,1939934858277.156,3.535757819861374e-8,0,0.5580801284935337,Armenia,13619290539.2116,26,459
2019,ATG,0,0,0,0.5952459230157078,Antigua & Barbuda,1726448148.14815,1,20
2019,AUS,1373294794885034800,0.003384190842913748,0.010825017818959374,0.8096291410134336,Australia,1398349602956.35,2141,88181
2019,AUT,223484762522472770,6.02067684349894e-4,0,0.8527033073387641,Austria,442983642371.842,280,8450
2019,AZE,0,0,0,0.5580801284935336,Azerbaijan,48174235294.1176,35,583
2019,BDI,0,0,0,0.5147828220222248,Burundi,2871555326.31029,2,12
2019,BEL,28324496565136224,9.355252791554136e-5,0,0.8668823275830375,Belgium,536726344405.489,394,18928
2019,BEN,0,0,0,0.4792171216417977,Benin,14391686313.4641,11,93
2019,BFA,0,0,0,0.5147828220222248,Burkina Faso,16032813503.3707,0,60
2019,BGD,0,3.5047298396762017e-11,0,0.5640432645489256,Bangladesh,351231654603.692,215,3577
2019,BGR,14687486996340232,3.8913022493147764e-5,0,0.5591095262188343,Bulgaria,68507731353.9114,98,2315
2019,BHR,0,0,0,0.6170556017459276,Bahrain,40446808510.6383,24,653
2019,BHS,0,0,0,0.6131559535105549,Bahamas,13277000000,8,201
2019,BIH,726859744.9476868,5.6983306961910785e-12,0,0.553756493847512,Bosnia & Herzegovina,20482608984.3316,11,315
2019,BLR,46009222245352904,1.2393370964014494e-4,0,0.594580078256552,Belarus,64410170653.4569,27,449
2019,BLZ,292918316187.6795,5.307072337146224e-9,0,0.5653000131728733,Belize,2381187850,7,142
2019,BMU,0,0,0,0.5259818215803201,Bermuda,7423465000,7,287
2019,BOL,0,0,0,0.5641322494574578,Bolivia,49056643589.001404,14,295
2019,BRA,25402393545339144,8.498968612213886e-5,0.016237526728439058,0.8886735219598754,Brazil,1873288158838.63,1859,87587
2019,BRB,0,0,0,0.6736038936937424,Barbados,6161850000,1,162
2019,BRN,0,0,0,0.6158018806253354,Brunei,13469235364.7032,2,60
2019,BTN,0,0,0,0.5326928525170718,Bhutan,2735683570.46155,0,28
2019,BWA,0,0,0,0.5339496011410195,Botswana,16725908148.5481,11,184
2019,CAF,0,0,0,0.4792171216417978,Central African Republic,2221301351.43918,0,4
2019,CAN,32310938896568308e3,0.08058059357858527,0,0.7710708961039808,Canada,1743725183672.52,2830,93885
2019,CHE,2805644898940935e3,0.006932131153764454,0,0.8351004960288426,Switzerland,721369112726.724,864,32142
2019,CHL,787742907438.5773,7.914530808506015e-9,0.005412508909479687,0.9430787478280275,Chile,278285058719.466,178,4744
2019,CHN,13099840893967375e4,0.343039481182841,0.05396174863387978,0.6404971483934404,China,14560167101283.4,1348,71538
2019,CIV,0,0,0,0.5147828220222248,Côte d’Ivoire,60382894697.3557,21,301
2019,CMR,0,0,0,0.5147828220222248,Cameroon,39667757527.6578,30,316
2019,COL,0,0,0,0.783549868385283,Colombia,323031701192.84,351,11166
2019,COM,0,0,0,0.5461332340540784,Comoros,1187915408.87243,0,8
2019,CPV,0,0,0,0.5580801284935337,Cape Verde,2252177124.32402,2,33
2019,CRI,0,9.68092273012644e-12,0,0.5952459230157077,Costa Rica,64417670521.3545,39,1223
2019,CUB,0,0,0,0.40689220920541597,Cuba,103427600000,0,36
2019,CYP,267887999341269e3,7.028248624914024e-4,0,0.6256717879044131,Cyprus,26196667099.5303,112,1850
2019,CZE,32390125519573220,8.082234552930778e-5,0,0.6072848974335262,Czechia,256794209028.77,175,8822
2019,DEU,22876713001035668e4,0.5411703521696276,0,0.7131823722056551,Germany,3959894794039.21,2366,94633
2019,DJI,0,0,0,0.5147828220222248,Djibouti,3088851450.30694,1,13
2019,DMA,0,0,0,0.6247956837456802,Dominica,644259259.259259,3,22
2019,DNK,235853288271358660,5.594944448907846e-4,0,0.8904538221071596,Denmark,345401473012.615,367,14585
2019,DOM,0,0,0,0.5580801284935336,Dominican Republic,89146130744.723,16,692
2019,DZA,0,1.7763568394002505e-15,0,0.5580801284935337,Algeria,193459662090.677,15,337
2019,ECU,0,0,0,0.5147828220222248,Ecuador,107595830000,24,1076
2019,EGY,30433633323.285946,7.258638134999273e-11,0.005412508909479687,1,Egypt,318678815489.749,288,4424
2019,ESP,556951829265200200,0.0013748972030225293,0,0.8344566854486566,Spain,1403496387686.27,1354,54578
2019,EST,3744429484167953.5,9.444893526389109e-6,0,0.6072848974335263,Estonia,31873748770.0313,265,2762
2019,ETH,0,0,0,0.47829672502177156,Ethiopia,91834517112.628,44,432
2019,FIN,1852310664736858e3,0.0049380356389412405,0,0.7838404574551117,Finland,267014821129.411,305,10345
2019,FJI,0,0,0,0.5952459230157079,Fiji,5344907153.46698,0,71
2019,FRA,6519387803206704e3,0.015987006398925363,0.005412508909479687,0.816950094034001,France,2722793515171.76,1956,78468
2019,FRO,0,0,0,0.6394279687170769,Faroe Islands,3266432734.22819,0,28
2019,FSM,0,0,0,0.37936752097726034,Micronesia (Federated States of),394000000,0,1
2019,GAB,0,0,0,0.5147828220222248,Gabon,16874405465.391,0,27
2019,GBR,11232552873661127e4,0.26255379372956966,0.010825017818959374,0.8270634753803817,United Kingdom,2875710080015.3,5828,199068
2019,GEO,0,4.6417536481158095e-11,0,0.576079143896913,Georgia,17638337116.9126,43,476
2019,GHA,0,0,0,0.5339496011410195,Ghana,68352629246.1555,79,1325
2019,GIN,0,0,0,0.5147828220222247,Guinea,13442861496.4454,3,40
2019,GMB,0,0,0,0.5147828220222247,Gambia,1813609692.49994,1,36
2019,GNB,0,0,0,0.5147828220222248,Guinea-Bissau,1596227316.34846,1,4
2019,GNQ,0,0,0,0.335373114776638,Equatorial Guinea,11364133549.7478,0,9
2019,GRC,10606577286226.69,2.2561702994750021e-7,0,0.6890169396149728,Greece,207305649887.019,143,6884
2019,GRD,0,0,0,0.5772469076123283,Grenada,1213485185.18519,1,39
2019,GRL,0,0,0,0.4716559135981719,Greenland,2997309971.87623,0,18
2019,GTM,0,0,0,0.47663239414508707,Guatemala,77172331693.4093,12,493
2019,GUY,0,0,0,0.5339496011410196,Guyana,5173760191.84652,0,53
2019,HKG,5566968755974643e3,0.016466532685175173,0,0.6958166181495514,Hong Kong SAR China,363074545072.389,406,13926
2019,HND,0,4.440892098500626e-16,0,0.5147828220222248,Honduras,24882225741.8119,4,197
2019,HRV,17853131059575856,4.262240229691017e-5,0,0.5767319897978062,Croatia,61466721186.3116,58,1881
2019,HTI,0,0,0,0.5147828220222248,Haiti,15016090929.5125,0,51
2019,HUN,10545734336446.264,1.7637381710677857e-7,0,0.620261189598282,Hungary,164936682033.992,117,4353
2019,IDN,9470638991222.705,1.97688865277712e-8,0.005405084343074364,0.9074140762509924,Indonesia,1119099871350.2,771,16105
2019,IND,80937156092241280,2.2995089436905758e-4,0.048326502732240435,0.9613378982036346,India,2835606256558.19,7597,164590
2019,IRL,3681662825567835e3,0.009758644668124816,0,0.8416694356228026,Ireland,407211793800.713,340,12288
2019,IRN,7482848433814.249,1.2426688855704526e-7,0,0.576079143896913,Iran,347988400957.999,50,1430
2019,IRQ,0,0,0,0.5491800914946228,Iraq,233636097800.338,10,343
2019,ISL,0,0,0,0.6072848974335264,Iceland,24985687022.0452,27,782
2019,ISR,2538173771724745e3,0.00631413530274072,0,0.8391571637801091,Israel,400645216358.857,738,16373
2019,ITA,171216475719839870,4.3339269594566687e-4,0.010795319553338085,0.8548303543069566,Italy,2019606796583.53,1644,65134
2019,JAM,0,0,0,0.5653000131728734,Jamaica,17026269262.5307,13,391
2019,JOR,12714668093.318705,1.1815588507602115e-9,0,0.576079143896913,Jordan,44503006338.0282,54,1260
2019,JPN,45688785658641305e4,1.069591391695464,0.021600538528549935,0.5925657812807771,Japan,5117993853016.51,1752,58177
2019,KAZ,596330515276.6787,7.130773083119379e-9,0,0.5580801284935336,Kazakhstan,181667184854.501,16,560
2019,KEN,2072031101729517.2,4.795776073818203e-6,0,0.5339496011410195,Kenya,100378436207.371,165,2996
2019,KGZ,0,0,0,0.5338097877902162,Kyrgyzstan,9371275264.36735,3,81
2019,KHM,0,0,0,0.5333935274933975,Cambodia,36685356407.7206,34,451
2019,KIR,0,0,0,0.5339496011410195,Kiribati,216985388.322754,0,0
2019,KNA,0,0,0,0.6868192085006634,St. Kitts & Nevis,1107855555.55556,5,64
2019,KOR,7620721482060906e4,0.20884299562185116,0.021620337372297457,0.6373813284579104,South Korea,1751045752054.63,1145,24475
2019,KWT,1065235289.0061908,1.3727796677187598e-10,0,0.5964259281482349,Kuwait,140856394860.529,29,919
2019,LAO,0,0,0,0.5330377844185951,Laos,18740561512.5555,5,50
2019,LBN,3397396581.1291733,1.2080425548788298e-10,0,0.5407802016827562,Lebanon,51605959131.2741,44,2144
2019,LBR,0,0,0,0.4584120707142835,Liberia,3319596500,3,51
2019,LCA,0,0,0,0.5772469076123284,St. Lucia,2095344444.44444,3,32
2019,LKA,0,3.4563463202630373e-12,0,0.4965170484525752,Sri Lanka,88998706296.5783,67,1458
2019,LSO,0,0,0,0.5339496011410195,Lesotho,2390702295.82777,2,35
2019,LTU,32232035908340640,8.600090419164097e-5,0,0.5945800782565522,Lithuania,55122066225.796,122,2397
2019,LUX,340415107414322600,8.122793025124864e-4,0,0.6254206740125293,Luxembourg,69872035113.6469,70,1955
2019,LVA,43846661631161.21,5.57864087369353e-7,0,0.6072848974335262,Latvia,33099503950.847,54,1152
2019,MAC,0,0,0,0.5835937800539848,Macao SAR China,55025172016.004,1,78
2019,MAR,5733622046205.03,4.2953266410350466e-7,0,0.5587792170861355,Morocco,128920266409.458,46,1350
2019,MDA,384618923826.0541,3.066632281445436e-9,0,0.5580801284935336,Moldova,11736797054.6965,16,249
2019,MDG,0,0,0,0.49656249859142115,Madagascar,14104664678.5063,4,123
2019,MDV,0,0,0,0.5338097877902162,Maldives,5726094799.37709,7,96
2019,MEX,11069482396337.775,1.0871192501760163e-7,0,0.8802905041951529,Mexico,1304106203902.45,768,23304
2019,MKD,0,0,0,0.576079143896913,North Macedonia,12606338448.547,9,315
2019,MLI,0,0,0,0.5147828220222248,Mali,20477421884.5414,10,80
2019,MLT,782172024204205700,0.0019807207304003427,0,0.6549151363487657,Malta,16337793530.7322,35,835
2019,MMR,0,0,0,0.5333935274933975,Myanmar (Burma),75065106243.3578,20,369
2019,MNG,0,0,0,0.44609714020021923,Mongolia,14206359017.5143,9,244
2019,MOZ,0,0,0,0.5147828220222248,Mozambique,15512759046.672,7,133
2019,MRT,0,0,0,0.47921712164179775,Mauritania,7894764885.82312,1,15
2019,MUS,22754121377.220055,3.1461944161037536e-9,0,0.552976566909011,Mauritius,14645235204.6176,26,751
2019,MWI,0,0,0,0.5339496011410196,Malawi,11051852712.6142,6,101
2019,MYS,2386320157705858.5,1.547093588505355e-5,0.010780470420527441,0.8421059053272433,Malaysia,365177721021.516,274,7323
2019,NAM,0,0,0,0.5529765669090111,Namibia,12541928303.48,7,191
2019,NER,0,0,0,0.39418739002844166,Niger,12889555561.2299,0,16
2019,NGA,19652976.14628946,1.199040866595169e-14,0,0.9876913954804942,Nigeria,668219992691.462,524,6039
2019,NIC,0,0,0,0.5147828220222248,Nicaragua,12699023614.245,3,157
2019,NLD,1.0475203902558959e+18,0.002517285172475292,0,0.8350858706130038,Netherlands,928903005576.469,2775,52696
2019,NOR,262995249895638620,5.970078609729423e-4,0,0.8531309590535431,Norway,408742840909.091,198,8439
2019,NPL,0,0,0,0.5147828220222248,Nepal,34186180699.0255,45,823
2019,NZL,85584404977939170,2.1087970188404803e-4,0,0.8345721686315082,New Zealand,213006341101.869,220,9702
2019,OMN,0,0,0,0.5541565720415377,Oman,88060858257.4772,23,554
2019,PAK,35947070071.878494,5.177058781669075e-11,0.005412508909479687,0.959951558756815,Pakistan,320909472770.669,394,6122
2019,PAN,5285227086772641,1.3184543205202459e-5,0,0.5534735467508449,Panama,69778991192.5571,28,776
2019,PER,43641728785.704124,1.236596824938374e-9,0,0.9264455784708647,Peru,228346006003.648,78,2358
2019,PHL,38832927351171830,1.0652107785680265e-4,0,0.8969970268473465,Philippines,376823402239.136,199,6101
2019,PNG,0,0,0,0.4212297142161164,Papua New Guinea,24750626029.8777,1,88
2019,POL,485467873585851200,0.0011849238587471334,0,0.9056616215092737,Poland,602683770144.88,358,11670
2019,PRT,89824828733011420,2.0964960067426652e-4,0,0.8423461867507568,Portugal,240115970063.019,304,11569
2019,PRY,0,0,0,0.5641322494574578,Paraguay,37925338329.156,10,300
2019,PYF,0,0,0,0.5952459230157078,French Polynesia,6022276196.13871,0,15
2019,QAT,58611503041.329445,5.316805884447717e-9,0,0.6170556017459277,Qatar,176371428571.429,26,1037
2019,ROU,5880593758489578,1.960184638716278e-5,0,0.6072848974335262,Romania,250080428511.595,278,10285
2019,RUS,6585831866637175e3,0.016886653459308176,0.021650035637918747,0.8625230306228616,Russia,1693115002708.32,173,8630
2019,RWA,0,0,0,0.5453588854076663,Rwanda,10349300276.7623,24,279
2019,SAU,128575835679801.11,1.8272203470282022e-6,0.027003148016155856,0.9654598598580425,Saudi Arabia,888890133333.333,192,4098
2019,SDN,0,0,0,0.44612878524317756,Sudan,32338079165.2893,6,105
2019,SEN,0,0,0,0.5147828220222248,Senegal,23403995992.1354,23,324
2019,SGP,2943486798279622700,0.008886402388177395,0,0.8317925669401066,Singapore,376161998830.048,997,20340
2019,SLB,0,0,0,0.5147828220222248,Solomon Islands,1619150563.92084,0,9
2019,SLE,0,0,0,0.5339496011410195,Sierra Leone,6523577594.29408,1,62
2019,SLV,0,0,0,0.5653000131728733,El Salvador,26881140000,18,372
2019,SMR,0,0,0,0.695517685843173,San Marino,1616340692.28937,0,16
2019,SOM,0,0,0,0.4965624985914212,Somalia,8656000000,7,76
2019,SRB,13498832878.98045,1.6944943226349096e-9,0,0.6072848974335263,Serbia,53864693664.5568,82,1738
2019,STP,0,0,0,0.5147828220222248,São Tomé & Príncipe,412976082.620705,0,0
2019,SUR,0,0,0,0.5461332340540785,Suriname,4016040575.08796,1,51
2019,SVK,13440279111654100,3.313311339159242e-5,0,0.6072848974335263,Slovakia,105843498304.094,43,3090
2019,SVN,0,0,0,0.6202611895982819,Slovenia,53909922735.545,34,1710
2019,SWE,2571280825683655e4,0.06316046912358786,0,0.8935269403827732,Sweden,530894124494.418,693,26869
2019,SWZ,0,0,0,0.5339496011410195,Eswatini,4617018958.69086,0,36
2019,SYC,30937430417.675987,6.966205390313007e-10,0,0.6184710543794915,Seychelles,1868690096.73454,21,184
2019,TCD,0,0,0,0.42176022217323245,Chad,14905517742.8454,2,11
2019,TGO,0,0,0,0.5147828220222248,Togo,6992654019.28876,0,54
2019,THA,1249029038402138.2,8.457059274880052e-6,0.005412508909479687,0.8709730190819502,Thailand,543976691793.886,98,4589
2019,TJK,0,0,0,0.4431663634431006,Tajikistan,8300813599.3084,1,20
2019,TKM,0,0,0,0.39624160956803633,Turkmenistan,40810067974.509,0,3
2019,TON,0,0,0,0.6133863994790332,Tonga,506031238.979937,0,4
2019,TTO,0,0,0,0.6066552072823548,Trinidad & Tobago,23477745791.6977,29,1007
2019,TUN,54704376566.86347,1.220096912391e-9,0,0.5580801284935337,Tunisia,41905642418.825,72,1023
2019,TUR,25422382817878972,6.504907900617418e-5,0.005412508909479687,0.930593277209201,Turkey,775853144222.613,909,28254
2019,TUV,0,0,0,0.35851307624177203,Tuvalu,54123198.5662913,0,1
2019,TWN,800172290766475300,0.0032992648456939833,0.005405084343074364,0.6829377782429538,Taiwan,NA,176,5536
2019,TZA,0,0,0,0.43263899848276344,Tanzania,61026731925.9213,28,585
2019,UGA,0,0,0,0.5453588854076666,Uganda,35353061003.4359,50,855
2019,UKR,28476713560040620,6.920726378156772e-5,0,0.5294667066396507,Ukraine,153883047509.577,201,6517
2019,URY,65199948061079590,1.6171943988974036e-4,0,0.6003283077884916,Uruguay,62222313618.8454,29,874
2019,USA,108998840113584e7,2.4845862789699797,1.7752138275124734,0.819446832156098,United States,21380976119000,29546,1098017
2019,UZB,0,0,0,0.5147828220222247,Uzbekistan,67293639798.3996,16,146
2019,VCT,0,0,0,0.6133863994790334,St. Vincent & Grenadines,910481481.481481,0,0
2019,VEN,0,0,0,0.5461332340540784,Venezuela,73014084091.3,7,490
2019,VNM,4098419103485599,1.1027380247163876e-5,0,0.8381817312680208,Vietnam,334365270496.667,385,8184
2019,VUT,0,0,0,0.6247956837456803,Vanuatu,936526267.622513,0,0
2019,WSM,0,0,0,0.5339496011410195,Samoa,912950466.064906,0,0
2019,YEM,0,0,0,0.3471995811986664,Yemen,NA,3,50
2019,ZAF,1684286119304049700,0.0038895796496469792,0.005412508909479687,0.8886336594863944,South Africa,389330032224.269,531,23829
2019,ZWE,0,0,0,0.5339496011410195,Zimbabwe,33357695635.1284,20,435
2020,AFG,0,0,0,0.42689760381028014,Afghanistan,19955929052.1496,3,105
2020,AGO,0,0,0,0.46169660698579057,Angola,58852456453.8769,5,200
2020,ALB,1199585771533757.5,1.9786886846784313e-6,0,0.5874246195666827,Albania,15241458744.5927,15,387
2020,AND,0,0,0,0.6548018995254602,Andorra,2891002460.29153,7,78
2020,ARE,31749125145781604,5.4394421036274565e-5,0.016237526728439058,0.9349292117385216,United Arab Emirates,357161878829.135,1020,22751
2020,ARG,13080237388142132,2.1391458819852716e-5,0,0.8972623454422403,Argentina,385740508436.965,244,12212
2020,ARM,472610011163.74274,2.402696930303705e-9,0,0.6070408298854437,Armenia,12641698583.2152,23,482
2020,ATG,0,0,0,0.6013366287146243,Antigua & Barbuda,1411637037.03704,1,21
2020,AUS,2106527813190157600,0.0036705998973682874,0.005412508909479687,0.7844854766627505,Australia,1333336461648.09,1983,90164
2020,AUT,320353066646594240,5.870554230509306e-4,0,0.8045574429980438,Austria,434397601557.696,234,8684
2020,AZE,748794338585.9996,4.041751378025538e-9,0,0.9806686725344645,Azerbaijan,42693000000,31,614
2020,BDI,0,0,0,0.5639668294799268,Burundi,3227847281.31544,0,12
2020,BEL,417059735466905.6,1.0444911272111668e-5,0,0.8062436071900679,Belgium,529694473501.791,358,19286
2020,BEN,0,0,0,0.49618782083823926,Benin,15686741883.934,4,97
2020,BFA,0,0,0,0.5533020883940876,Burkina Faso,17725010532.5268,4,64
2020,BGD,0,0,0,0.5964128931026329,Bangladesh,373979442362.193,219,3796
2020,BGR,14062468123206090,2.90822024584525e-5,0,0.565372885135746,Bulgaria,70486877546.4901,96,2411
2020,BHR,0,2.220446049250313e-16,0,0.603135400455606,Bahrain,35837632978.7234,30,683
2020,BHS,0,0,0,0.6330906201107767,Bahamas,10363200000,9,210
2020,BIH,1212745526.9221947,1.0308642828249504e-11,0,0.5609598089392354,Bosnia & Herzegovina,20226038369.9191,9,324
2020,BLR,80965324542168880,1.4919280978431537e-4,0.005412508909479687,0.9116699638110443,Belarus,61371673344.7424,10,459
2020,BLZ,2938068954549.422,2.8224314441160914e-8,0,0.5778788386278685,Belize,2047284600,2,144
2020,BMU,0,0,0,0.546442209033329,Bermuda,6887364000,10,297
2020,BOL,0,0,0,0.5639668294799268,Bolivia,42313784081.042,23,318
2020,BRA,1648397671500004.2,3.230903847661892e-5,0,0.8818540353438562,Brazil,1476107292151.95,1593,89180
2020,BRB,0,0,0,0.6487101711013544,Barbados,5407050000,1,163
2020,BRN,0,0,0,0.5857481520167939,Brunei,12005799653.9835,3,63
2020,BTN,0,0,0,0.5857481520167936,Bhutan,2457604333.90927,1,29
2020,BWA,0,0,0,0.5639668294799269,Botswana,14960251607.8135,10,194
2020,CAF,0,0,0,0.5068525619240783,Central African Republic,2326720900.38047,0,4
2020,CAN,5839341074088797e4,0.10164757606367503,0,0.7574036302157598,Canada,1655684730000.19,2871,96756
2020,CHE,4428714669392592e3,0.007556449879766225,0,0.7844267911038106,Switzerland,741999406005.627,784,32926
2020,CHL,824838943238.6764,5.461605390166824e-9,0.010735923022095509,0.9296915780929276,Chile,254042159309.311,160,4904
2020,CHN,20426480980512932e4,0.37130978861847774,0.0855904015205512,0.5583988120741405,China,14996414166715.1,1145,72683
2020,CIV,0,0,0,0.5639668294799268,Côte d’Ivoire,63027852805.4204,6,307
2020,CMR,0,0,0,0.5119878903798473,Cameroon,40773241177.0505,24,340
2020,COL,429156138.9273818,2.018407663229027e-11,0,0.8645919413298812,Colombia,270348342541.465,317,11483
2020,COM,0,0,0,0.5835830397986879,Comoros,1218763671.26563,0,8
2020,CPV,0,0,0,0.5639668294799268,Cape Verde,1821565613.68613,1,34
2020,CRI,0,0,0,0.5874246195666826,Costa Rica,62395610760.0492,37,1260
2020,CUB,0,0,0,0.4893290288294814,Cuba,107352000000,1,37
2020,CYP,506084297505211500,9.295293344182554e-4,0,0.6611030461320275,Cyprus,25555093854.2968,102,1952
2020,CZE,31251536093150548,5.436979666995079e-5,0,0.8852668134347069,Czechia,251109660602.536,133,8955
2020,DEU,4095779468654025e5,0.6710236361613569,0.010829967529896255,0.782452752267698,Germany,3941398957073.94,2354,96987
2020,DJI,0,0,0,0.5835830397986876,Djibouti,3144136196.6228,0,13
2020,DMA,0,0,0,0.7162927221729721,Dominica,528944444.444444,1,23
2020,DNK,650468994835383700,0.0010580821143459929,0,0.7958534256453348,Denmark,355631021931.621,324,14909
2020,DOM,0,0,0,0.9515528719660866,Dominican Republic,78546672406.8291,10,702
2020,DZA,0,0,0,1,Algeria,164873415325.201,17,354
2020,ECU,0,0,0,0.9248976059251779,Ecuador,95865473000,25,1101
2020,EGY,454523967642.4687,3.2934455163058374e-10,0,0.9589278152058579,Egypt,383817841547.099,245,4669
2020,ESP,1030319580858588300,0.0017210517767907163,0,0.8601101422491975,Spain,1289783836971.21,1147,55725
2020,EST,3442877026121083.5,6.115270863249478e-6,0,0.6302251492916792,Estonia,31820771493.8974,251,3013
2020,ETH,0,0,0,0.49441258276942285,Ethiopia,98676811061.4035,31,463
2020,FIN,1955762862491604700,0.0036986151822477886,0,0.8027505812079913,Finland,270000311606.226,261,10606
2020,FJI,0,0,0,0.6271301906491937,Fiji,4227719873.3865,1,72
2020,FRA,815374653187277e4,0.013847903309762266,0.010825017818959374,0.7813271977470599,France,2647926055110.05,1921,80389
2020,FRO,0,0,0,0.6458447002822569,Faroe Islands,3271813311.5831,1,29
2020,FSM,0,0,0,0.37546980406140246,Micronesia (Federated States of),372902700,0,1
2020,GAB,0,0,0,0.5672140975420292,Gabon,15342236163.9864,1,28
2020,GBR,12864239283829162e4,0.21063649481632174,0,0.742744966250392,United Kingdom,2724001478304.59,5738,204806
2020,GEO,1815723474.0914807,5.7282179000139877e-11,0,0.6070408298854437,Georgia,16010869215.68,34,510
2020,GHA,0,0,0,0.5533020883940876,Ghana,70008243859.8666,90,1415
2020,GIN,0,0,0,0.49618782083823926,Guinea,14088693742.9464,3,43
2020,GMB,0,0,0,0.5533020883940876,Gambia,1812170891.19069,8,44
2020,GNB,0,0,0,0.5533020883940876,Guinea-Bissau,1705057581.09946,0,4
2020,GNQ,0,0,0,0.31653014639379257,Equatorial Guinea,9893816007.7398,0,9
2020,GRC,9429410037850.027,1.7049234402044533e-7,0,0.8653157700701994,Greece,191362985554.861,114,6998
2020,GRD,0,0,0,0.6974626137753118,Grenada,1043411111.11111,2,41
2020,GRL,0,0,0,0.5039483706619694,Greenland,3089625554.40473,0,18
2020,GTM,0,0,0,0.513712441284837,Guatemala,77719468248.3666,15,508
2020,GUY,0,0,0,0.5639668294799269,Guyana,5471256594.72422,1,54
2020,HKG,10139129957974874e3,0.021222371831164377,0,0.7282334533072693,Hong Kong SAR China,344943149590.058,319,14245
2020,HND,0,0,0,0.5756057012099502,Honduras,23352232483.755,4,201
2020,HRV,25175646925059216,4.303202810462814e-5,0,0.5993242441523607,Croatia,57959843541.3699,61,1942
2020,HTI,0,0,0,0.541231291652429,Haiti,14508222518.3018,4,55
2020,HUN,16351050373273.238,1.335539994151702e-7,0,0.8673890566562332,Hungary,158468487754.196,101,4454
2020,IDN,53623326798890.51,5.7996371261026525e-8,0,0.827967623450667,Indonesia,1059054842698.48,711,16816
2020,IND,79111366109313970,1.9893738125276172e-4,0.03205927773818009,0.9157123325082314,India,2674851578587.27,7748,172338
2020,IRL,6736634683951252e3,0.012570711113653932,0,0.7667850743299808,Ireland,436009027818.948,344,12632
2020,IRN,0,0,0,0.6408196412806367,Iran,280934329279.723,54,1484
2020,IRQ,0,0,0,0.5759483375689004,Iraq,180898797516.874,12,355
2020,ISL,0,0,0,0.6113950408940193,Iceland,22034665040.7901,23,805
2020,ISR,4213608589704835e3,0.007309823430821316,0,0.7941066982824747,Israel,410768352657.612,682,17055
2020,ITA,319265752582488600,5.497248732997395e-4,0.01608903540033262,0.8524048734892076,Italy,1907481094079.23,1535,66669
2020,JAM,0,0,0,0.6013366287146243,Jamaica,15000214216.2439,11,402
2020,JOR,22393883660.16697,1.7643031480218951e-9,0,0.6138001415414455,Jordan,43700383098.5916,35,1295
2020,JPN,5827549467217826e5,0.9579236404656306,0.0538528549932684,0.6121432276629878,Japan,5054068005376.28,1696,59873
2020,KAZ,3667472688205.964,2.222248229877266e-8,0,0.9702359641656736,Kazakhstan,171082365861.423,26,586
2020,KEN,2230102764468312.8,3.6358791022372827e-6,0,0.529512510826445,Kenya,100657505750.545,189,3185
2020,KGZ,0,0,0,0.5533020883940876,Kyrgyzstan,8270468614.24051,3,84
2020,KHM,0,0,0,0.5857481520167935,Cambodia,34818073901.4851,19,470
2020,KIR,0,0,0,0.5533020883940875,Kiribati,220898020.418627,0,0
2020,KNA,0,0,0,0.7525656636045158,St. Kitts & Nevis,883922222.222222,6,70
2020,KOR,10698308546312854e4,0.19968488438704468,0.03238595866001426,0.7220788954251351,South Korea,1744070276373.34,847,25322
2020,KWT,1902835387330.2673,1.0436107533706718e-9,0,0.9785810470676537,Kuwait,111045470605.715,29,948
2020,LAO,0,0,0,0.5444339540025535,Laos,18981805250.2424,2,52
2020,LBN,16631138170.490128,1.8949863900274977e-10,0,0.9598736600383662,Lebanon,31712128253.7961,47,2191
2020,LBR,0,0,0,0.5226526314656865,Liberia,3176126300,3,54
2020,LCA,0,0,0,0.6181419171132435,St. Lucia,1499274074.07407,0,32
2020,LKA,0,1.0688561147276232e-11,0,0.5357774679474898,Sri Lanka,84335574581.5072,97,1555
2020,LSO,0,0,0,0.5639668294799268,Lesotho,2053699863.99625,0,35
2020,LTU,28814319376067016,5.338681429067904e-5,0,0.5818463860534787,Lithuania,57412038533.2718,123,2520
2020,LUX,311460343515180500,5.223142409818138e-4,0,0.6473376325398319,Luxembourg,73670782100.3909,62,2017
2020,LVA,3573647881611422.5,6.043601580296709e-6,0,0.6113950408940193,Latvia,33379927434.6149,54,1206
2020,MAC,0,0,0,0.5515036561497635,Macao SAR China,25280064167.7333,2,80
2020,MAR,6539615492407.896,3.9188050848792955e-7,0,0.5495728155941377,Morocco,121353645057.144,69,1419
2020,MDA,354688218915.7677,1.6541628067301417e-9,0,0.5874246195666827,Moldova,11530746234.4492,14,263
2020,MDG,0,0,0,0.49618782083823926,Madagascar,13051441203.9474,1,124
2020,MDV,0,0,0,0.5639668294799267,Maldives,3712604583.36665,3,99
2020,MEX,4146008027367.987,9.811634615886078e-9,0.005412508909479687,0.8781258353026911,Mexico,1121064767308.42,627,23931
2020,MKD,0,0,0,0.5874246195666827,North Macedonia,12361036913.8409,13,328
2020,MLI,0,0,0,0.5533020883940876,Mali,20698560938.7775,3,83
2020,MLT,930369431583112700,0.0016407277125363162,0,0.6571852930087845,Malta,16404663226.4598,43,878
2020,MMR,0,0,0,0.5857481520167936,Myanmar (Burma),79006113670.2831,9,378
2020,MNG,0,0,0,0.46028704640798596,Mongolia,13312981429.0891,13,257
2020,MOZ,0,0,0,0.5119878903798474,Mozambique,14235420174.1884,4,137
2020,MRT,0,0,0,0.4961878208382392,Mauritania,8260752385.23089,0,15
2020,MUS,7273797806.907796,1.1293990187510872e-9,0,0.6013366287146243,Mauritius,11566111137.5568,26,777
2020,MWI,0,0,0,0.5518960327382683,Malawi,11769313597.8545,5,106
2020,MYS,887625085282754.4,2.661237018308782e-6,0.005400134632137484,0.7831535145955558,Malaysia,337456163961.211,212,7535
2020,NAM,0,0,0,0.5639668294799268,Namibia,10583748541.5258,8,199
2020,NER,0,0,0,0.4444729114207047,Niger,13744653103.058,1,17
2020,NGA,85381587384.7996,1.2529655091242375e-9,0.010825017818959374,0.9629867823819858,Nigeria,598586817819.073,547,6586
2020,NIC,0,0,0,0.5639668294799269,Nicaragua,12726422432.4868,2,159
2020,NLD,1025437877098724700,0.0017375761225462139,0,0.7741663425635935,Netherlands,932560861701.17,904,53600
2020,NOR,223880010829249540,3.6479308070469507e-4,0,0.8343953578892823,Norway,367633418886.627,214,8653
2020,NPL,0,0,0,0.5682507913916206,Nepal,33433659301.2466,28,851
2020,NZL,135663369271821890,2.3372594583648265e-4,0,0.775522593228688,New Zealand,213029554653.687,200,9902
2020,OMN,0,0,0,0.5917484071105087,Oman,75909492847.8544,17,571
2020,PAK,52007314859.085175,6.478972913726011e-11,0,0.9851309340125988,Pakistan,300425609817.981,347,6469
2020,PAN,7626085611056286,1.4240372644191979e-5,0,0.5646648923317246,Panama,57059846521.5327,18,794
2020,PER,441342365.0759653,5.665468094662174e-12,0.005412508909479687,0.9581957001387459,Peru,201409694755.934,62,2420
2020,PHL,98346128425451490,1.849179548309987e-4,0.005412508909479687,0.8551695921140329,Philippines,361751145451.597,174,6275
2020,PNG,0,0,0,0.48790931159832496,Papua New Guinea,23848447849.6081,1,89
2020,POL,1423027597511392e3,0.0024237208319561887,0.005412508909479687,0.8961166230227682,Poland,605914237903.742,320,11990
2020,PRT,123491216335017710,2.0600879070120648e-4,0,0.8726273977434061,Portugal,229618773422.577,290,11859
2020,PRY,0,0,0,0.5639668294799269,Paraguay,35432178068.1756,6,306
2020,PYF,0,0,0,0.6271301906491937,French Polynesia,5574821989.38239,0,15
2020,QAT,4892697915.052385,1.2109340197241636e-9,0,0.6152061971972644,Qatar,144411538461.538,40,1077
2020,ROU,8429610028532333,1.963697011730936e-5,0,0.872736807973911,Romania,250625048303.578,202,10487
2020,RUS,637982945066543e4,0.01176030482196544,0.016237526728439058,0.8939912748181574,Russia,1493075894362.14,107,8737
2020,RWA,0,0,0,0.5639668294799269,Rwanda,10174386856.6101,18,297
2020,SAU,14618145960837618,2.909680266660608e-5,0.026988298883345214,0.9739597703481805,Saudi Arabia,767951200000,215,4313
2020,SDN,0,0,0,0.4786125132278147,Sudan,27034593750,3,108
2020,SEN,0,0,0,0.5533020883940877,Senegal,24530513037.7518,21,345
2020,SGP,6213299507946231e3,0.013005155145979108,0,0.7983034789929463,Singapore,349165858544.568,896,21236
2020,SLB,0,0,0,0.5518960327382683,Solomon Islands,1536143427.82958,0,9
2020,SLE,0,0,0,0.5119878903798474,Sierra Leone,6688307703.1447,1,63
2020,SLV,0,0,0,0.5756057012099502,El Salvador,24921190000,24,396
2020,SMR,0,0,0,0.7085717153095635,San Marino,1541248248.80727,0,16
2020,SOM,0,0,0,0.5140287930881837,Somalia,8628000000,2,78
2020,SRB,398535159952.0833,4.899246786038702e-9,0,0.6220597819798585,Serbia,55874017668.998,62,1800
2020,STP,0,0,0,0.5533020883940876,São Tomé & Príncipe,471229484.607144,1,1
2020,SUR,0,0,0,0.5639668294799268,Suriname,2911807496.20227,0,51
2020,SVK,33589224935964656,5.688282352767082e-5,0,0.599324244152361,Slovakia,107732602896.441,43,3133
2020,SVN,82836380.79680057,3.3910430019545856e-11,0,0.6113950408940193,Slovenia,53384760135.1581,24,1734
2020,SWE,32839875379483976e3,0.05647387345078503,0,0.7991073739630318,Sweden,544265668451.678,675,27544
2020,SWZ,0,0,0,0.5639668294799267,Eswatini,4134677809.50096,1,37
2020,SYC,62897703170684.445,5.71592287945677e-7,0,0.6907418412950067,Seychelles,1382551751.56908,12,196
2020,TCD,0,0,0,0.42689760381028014,Chad,14932897821.2387,0,11
2020,TGO,0,0,0,0.5533020883940877,Togo,7486031561.86885,1,55
2020,THA,4402009840464274.5,2.9091130698821743e-5,0.016237526728439058,0.86875727060767,Thailand,500461898480.246,98,4687
2020,TJK,0,0,0,0.4268976038102802,Tajikistan,8133963550.65742,1,21
2020,TKM,0,0,0,0.4268976038102802,Turkmenistan,41509903181.7231,0,3
2020,TON,0,0,0,0.6103249022505748,Tonga,506571467.895978,0,4
2020,TTO,0,0,0,0.6013366287146243,Trinidad & Tobago,20888515184.2239,24,1031
2020,TUN,141226479614.35046,2.616846295211417e-9,0,0.5874246195666827,Tunisia,42491780918.361,54,1077
2020,TUR,55919241951036864,1.0085487683841876e-4,0.01620782846281777,0.922390628858968,Turkey,733628247119.077,1055,29309
2020,TUV,0,0,0,0.35847506669862067,Tuvalu,51746594.3148543,0,1
2020,TWN,935038283118465300,0.0027518468913658722,0.010711174467411103,0.637926976237378,Taiwan,NA,121,5657
2020,TZA,0,0,0,0.48790931159832496,Tanzania,66068737786.063904,36,621
2020,UGA,0,0,0,0.5639668294799269,Uganda,37600368241.6657,54,909
2020,UKR,19965207819692424,3.489648646448629e-5,0,0.8701107414862517,Ukraine,156617722013.342,147,6664
2020,URY,1.0607463764612259e+17,1.8691208168886142e-4,0,0.6069541428860481,Uruguay,53559359261.826,33,907
2020,USA,15626880374063767e5,2.476787826681015,1.8157222618199098,0.7645065077976158,United States,21060473613000,27509,1125526
2020,UZB,0,0,0,0.5533020883940876,Uzbekistan,66443265418.3086,14,160
2020,VCT,0,0,0,0.697462613775312,St. Vincent & Grenadines,864566666.666667,0,0
2020,VEN,0,0,0,0.5639668294799269,Venezuela,42838020721.1995,3,493
2020,VNM,96711676775151.02,4.971026517086585e-7,0,0.7422144798557664,Vietnam,346615738537.796,258,8442
2020,VUT,0,0,0,0.6747352493237561,Vanuatu,909421043.508407,0,0
2020,WSM,0,0,0,0.5226526314656866,Samoa,868884902.953089,0,0
2020,YEM,0,0,0,0.3765234632366712,Yemen,NA,2,52
2020,ZAF,2137994398424252e3,0.0034448062334866414,0.016178130197196484,0.8650307508761327,South Africa,337974655408.055,492,24321
2020,ZWE,0,0,0,0.5639668294799269,Zimbabwe,31980334561.3123,16,451
2021,AFG,0,0,0,0.3880261907945695,Afghanistan,14259995441.0759,2,107
2021,AGO,0,0,0,0.3899750060434709,Angola,79559543805.2963,4,204
2021,ALB,8217079366.839039,1.203519506276507e-10,0,0.5680054497052405,Albania,18031989573.0294,9,396
2021,AND,0,0,0,0.6307472882082323,Andorra,3324648075.56293,6,84
2021,ARE,69379342433029376,8.801790219803429e-5,0.00573665815297755,0.8859545634650393,United Arab Emirates,422441388699.796,1063,23814
2021,ARG,23220708518300768,2.8340173400032143e-5,0,0.9186588259611351,Argentina,486564085480.036,135,12347
2021,ARM,22727753845.8344,3.9551628638889724e-10,0,0.5452931118113991,Armenia,13878908628.9378,25,507
2021,ATG,0,0,0,0.5582297575321471,Antigua & Barbuda,1602125925.92593,0,21
2021,AUS,3053323315838383e3,0.00410544710890548,0.00573665815297755,0.7128079420466438,Australia,1560617493202.69,1371,91535
2021,AUT,529029552590983800,7.025831979969865e-4,0,0.778794809664195,Austria,480466363176.806,214,8898
2021,AZE,2044326578119.807,8.852322208596775e-9,0,0.9793150601655489,Azerbaijan,54825411764.7059,32,646
2021,BDI,0,0,0,0.4533542774728909,Burundi,3435598072.7935,0,12
2021,BEL,460669412628480.7,9.700459952410867e-6,0,0.7800693653556898,Belgium,598522422241.851,287,19573
2021,BEN,0,0,0,0.4706823861173951,Benin,17687623530.3355,4,101
2021,BFA,0,0,0,0.4992436919914281,Burkina Faso,19697516284.3787,1,65
2021,BGD,0,0,0,0.5308289945468512,Bangladesh,416271647911.014,170,3966
2021,BGR,13820385705016034,1.8626500152052472e-5,0,0.5568088186948036,Bulgaria,84374613233.36,76,2487
2021,BHR,0,6.661338147750939e-16,0,0.5694498856515174,Bahrain,40840212765.9574,17,700
2021,BHS,0,0,0,0.587108461497913,Bahamas,12037000000,11,221
2021,BIH,485651449.350545,2.94364532749114e-12,0,0.5797527210259685,Bosnia & Herzegovina,23672712121.2671,8,332
2021,BLR,70658398880641290,9.413566415461538e-5,0,0.874356104977265,Belarus,69673747131.87,7,466
2021,BLZ,9482829092683.346,8.557166775169378e-8,0,0.5335458404906707,Belize,2428606250,3,147
2021,BOL,0,0,0,0.5160446919797715,Bolivia,47877892402.3155,10,328
2021,BRA,2441137666770999.5,2.9137889138164397e-5,0.03429560424788278,0.8569148455098028,Brazil,1670647464062.96,1119,90299
2021,BRB,0,0,0,0.6400737072273107,Barbados,5947550000,3,166
2021,BRN,0,0,0,0.5483301430577505,Brunei,14006496617.4458,0,63
2021,BTN,0,0,0,0.4992436919914282,Bhutan,2768802960.11204,1,30
2021,BWA,0,0,0,0.5335458404906709,Botswana,18750182236.2211,3,197
2021,CAF,0,0,0,0.4380303333551432,Central African Republic,2516498412.46384,0,4
2021,CAN,11132826355009646e4,0.14327491499014644,0,0.7478405640587913,Canada,2022378748423.23,1861,98617
2021,CHE,5586153863205619e3,0.007185556141024341,0,0.7934048989674631,Switzerland,815309330986.719,712,33638
2021,CHL,346907668406.4598,3.5434939427148038e-9,0,0.951988241243896,Chile,315325547162.072,126,5030
2021,CHN,27537872642136713e4,0.3761384487759336,0.03450284536452032,0.47140467655268947,China,18201698719564,1259,73942
2021,CIV,0,0,0,0.49924369199142815,Côte d’Ivoire,72794636653.7793,11,318
2021,CMR,0,0,0,0.47068238611739516,Cameroon,45011937346.8384,17,357
2021,COL,5342830994.864783,5.328382179925484e-11,0,0.9443337902476612,Colombia,318524633225.395,238,11721
2021,COM,0,0,0,0.5160446919797715,Comoros,1272238390.85864,0,8
2021,CPV,0,0,0,0.5452931118113991,Cape Verde,2051842618.70539,3,37
2021,CRI,0,0,0,0.545293111811399,Costa Rica,64960725734.1965,18,1278
2021,CUB,0,0,0,0.48167233930521225,Cuba,NA,2,39
2021,CYP,699856839887734700,9.582116917268291e-4,0,0.6187572479617248,Cyprus,30372642502.4897,73,2025
2021,CZE,38709057973077170,5.159965849932391e-5,0,0.8049665641086609,Czechia,290972714482.313,100,9055
2021,DEU,6418309729377474e5,0.7785277410207629,0.011476676972711385,0.7672791027807903,Germany,4355251953410.78,1950,98937
2021,DJI,0,0,0,0.49924369199142804,Djibouti,3392796953.08939,0,13
2021,DMA,0,0,0,0.6288770762168737,Dominica,562911111.111111,0,23
2021,DNK,808765494699152600,9.877027043985187e-4,0,0.7766800641307077,Denmark,406110162088.054,252,15161
2021,DOM,0,0,0,0.9094764491699147,Dominican Republic,94850719516.7127,5,707
2021,DZA,3625192.9539702497,1.5543122344752192e-15,0,0.9399266893660965,Algeria,186231205262.082,21,375
2021,ECU,0,0,0,0.9185296008465115,Ecuador,107179074000,13,1114
2021,EGY,876317757324.2162,5.582998507946968e-10,0,0.8952773219805511,Egypt,424671765455.704,175,4844
2021,ESP,1237765694282558500,0.0015395471702701613,0.005669444817851862,0.8253418876958427,Spain,1461244901852.69,871,56596
2021,EST,4656540143922382,6.275266354993647e-6,0,0.6004476454051227,Estonia,37201101170.5847,235,3248
2021,ETH,0,0,0,0.4380303333551431,Ethiopia,109070960371.859,25,488
2021,FIN,2637334012929201700,0.003600992660118374,0.00573665815297755,0.8123220756285204,Finland,294223210496.119,222,10828
2021,FJI,0,0,0,0.5786297858608599,Fiji,4158873156.17978,0,72
2021,FRA,12115555669066465e3,0.015224410858957649,0.0114733163059551,0.7875045488891016,France,2966433692008.09,1495,81884
2021,GAB,0,0,0,0.5335458404906708,Gabon,19444935097.2395,1,29
2021,GBR,18059328022378702e4,0.2229132856416165,0,0.7383827763005865,United Kingdom,3194559188925.93,4173,208979
2021,GEO,0,2.9613644869641575e-11,0,0.5809420954259887,Georgia,18853115588.8106,21,531
2021,GHA,21091195664.546455,3.2882230271980006e-10,0,0.4703985215029459,Ghana,79514204730.3979,62,1477
2021,GIN,0,0,0,0.47068238611739505,Guinea,17069115737.8259,1,44
2021,GMB,0,0,0,0.4706823861173951,Gambia,2014158842.14596,1,45
2021,GNB,0,0,0,0.47068238611739505,Guinea-Bissau,1908094558.33981,0,4
2021,GNQ,0,0,0,0.274488976637383,Equatorial Guinea,12215878032.7166,0,9
2021,GRC,480285064074.5794,4.616291571224451e-9,0,0.7957554474599693,Greece,218303801895.326,122,7120
2021,GRD,0,0,0,0.6491900150001757,Grenada,1122222222.22222,0,41
2021,GTM,0,0,0,0.4533542774728909,Guatemala,86455522272.7383,9,517
2021,GUY,0,0,0,0.5160446919797715,Guyana,8041362110.31175,0,54
2021,HKG,17691773612317346e3,0.026540760227972138,0,0.6511101811979041,Hong Kong SAR China,368954169748.818,294,14539
2021,HND,0,0,0,0.5267735376850726,Honduras,28144331506.6149,4,205
2021,HRV,19661332277434316,2.508858752947596e-5,0,0.584192178958543,Croatia,69002365163.3368,40,1982
2021,HTI,0,0,0,0.4706823861173951,Haiti,20944387975.7051,0,55
2021,HUN,37457061738837.305,2.3751867628263312e-7,0,0.8664427754463373,Hungary,183282685440.486,69,4523
2021,IDN,5034248812064.491,1.3155228018035814e-8,0.00573665815297755,0.7886091702355434,Indonesia,1186509691086.73,550,17366
2021,IND,91261956266968640,2.566390061624624e-4,0.0057411390419859305,0.8576721348892422,India,3167270623260.47,6342,178680
2021,IRL,7180461175781968e3,0.01005476004852146,0,0.8176708240116413,Ireland,530394123829.763,281,12913
2021,IRN,0,0,0,0.5860942124817614,Iran,407350685583.335,28,1512
2021,IRQ,0,0,0,0.5811971569722458,Iraq,209691945713.103,14,369
2021,ISL,0,0,0,0.6178106424874841,Iceland,26234872402.457,24,829
2021,ISR,5330192538598528e3,0.0068999219233567555,0.00573665815297755,0.8551125518276781,Israel,489851549972.347,509,17564
2021,ITA,624320410466866800,8.259781774313524e-4,0.00573665815297755,0.7984457417761305,Italy,2179207773596.09,1362,68031
2021,JAM,0,0,0,0.568958603237448,Jamaica,15963885376.3537,5,407
2021,JOR,41234314458.27195,3.185585351062059e-9,0,0.5335458404906709,Jordan,46296100140.8451,40,1335
2021,JPN,6279208109783372e5,0.7800073581317981,0.11436348971635972,0.5633512659477913,Japan,5039148168861.22,1495,61368
2021,KAZ,6066973646006085,7.731302706037724e-6,0,0.903224906568522,Kazakhstan,197112255360.612,14,600
2021,KEN,2603413699319210,3.154693655638141e-6,0,0.4533542774728908,Kenya,109703658904.994,152,3337
2021,KGZ,0,0,0,0.5335458404906708,Kyrgyzstan,9249133946.26531,1,85
2021,KHM,420944846.8049332,2.23345786309892e-11,0,0.5185394246957967,Cambodia,36790163687.4421,9,479
2021,KIR,0,0,0,0.5160446919797717,Kiribati,285259881.131951,0,0
2021,KNA,0,0,0,0.665376744253478,St. Kitts & Nevis,858622222.222222,13,83
2021,KOR,13823384065372147e4,0.18728437047050384,0.011515884751534705,0.5310539362041112,South Korea,1942313560965.9,630,25952
2021,KWT,2111540784189.5415,1.110239455925921e-9,0,0.7571940946306287,Kuwait,148350671489.144,18,966
2021,LAO,0,0,0,0.48416707202123754,Laos,18827148530.9347,1,53
2021,LBN,9535439895.74663,1.1278600275943518e-10,0.005738338486355693,1,Lebanon,23131941556.7843,21,2212
2021,LBR,0,0,0,0.3886906287871888,Liberia,3513049500,5,59
2021,LCA,0,0,0,0.5452931118113991,St. Lucia,1867185185.18518,3,35
2021,LKA,0,2.9771740628348198e-12,0,0.45335427747289087,Sri Lanka,88556698937.7033,116,1671
2021,LSO,0,0,0,0.47068238611739505,Lesotho,2412130056.55851,1,36
2021,LTU,37943030579993696,4.973100069394221e-5,0,0.5727438543078424,Lithuania,67037321008.9679,91,2611
2021,LUX,436595680166484350,5.511927378616388e-4,0,0.6336907532760406,Luxembourg,86386759695.1653,77,2094
2021,LVA,19099343981312224,2.4199192759200017e-5,0,0.6004476454051227,Latvia,38183326784.9335,43,1249
2021,MAC,0,0,0,0.4974288184215229,Macao SAR China,30633941629.3633,0,80
2021,MAR,168733722707.98566,7.661730805352818e-9,0,0.5452931118113991,Morocco,142022058447.231,46,1465
2021,MDA,502204673191.7156,1.9531722905696824e-9,0,0.5680054497052407,Moldova,13691869264.0794,6,269
2021,MDG,0,2.025513090586628e-11,0,0.40441985862625807,Madagascar,14354731964.3258,7,131
2021,MDV,0,0,0,0.4658599785282399,Maldives,5252457369.55218,2,101
2021,MEX,1826290446042.0686,5.90946069856102e-9,0.011476676972711385,0.9011707771547882,Mexico,1316569466685.95,433,24364
2021,MKD,0,0,0,0.5797527210259685,North Macedonia,14000283827.0154,7,335
2021,MLI,0,0,0,0.47068238611739505,Mali,22999245262.6719,2,85
2021,MLT,1175069834615785700,0.001554579347763596,0,0.6183138781932999,Malta,19739875611.4902,15,893
2021,MMR,0,0,0,0.5300564865397747,Myanmar (Burma),66345291149.4433,1,379
2021,MNG,0,0,0,0.37901459590084624,Mongolia,15286441737.6686,10,267
2021,MOZ,0,0,0,0.42070222471063884,Mozambique,16168055475.4449,2,139
2021,MRT,0,0,0,0.4706823861173951,Mauritania,9222536364.01272,0,15
2021,MUS,0,0,0,0.5871084614979128,Mauritius,11622048696.8129,18,795
2021,MWI,0,0,0,0.47068238611739505,Malawi,12378119199.0839,1,107
2021,MYS,21299872729241900,2.7917753380846122e-5,0.011439709638392257,0.7342449869195432,Malaysia,373784553029.978,152,7687
2021,NAM,0,0,0,0.5160446919797714,Namibia,12402486183.6396,6,205
2021,NER,0,0,0,0.37369263995909,Niger,14915002436.069,1,18
2021,NGA,252362179078.3848,2.298254031529723e-9,0.017176367791369808,0.9308344422632838,Nigeria,609147716972.859,545,7131
2021,NIC,0,0,0,0.5267735376850726,Nicaragua,14209020361.8508,10,169
2021,NLD,1386668678496345e3,0.0017599586111598509,0,0.815257626238524,Netherlands,1054472123449.6,618,54218
2021,NOR,276082025539598460,3.3283858781696374e-4,0,0.8083848669314968,Norway,503367986030.268,156,8809
2021,NPL,0,1.1643352948453867e-11,0,0.470682386117395,Nepal,36924841394.2605,28,879
2021,NZL,209755257705551780,2.6880213235691564e-4,0,0.8634624009149653,New Zealand,253977931814.967,110,10012
2021,OMN,0,0,0,0.5338599743640974,Oman,87323797139.1417,13,584
2021,PAK,347251969.9833468,1.1191048088221578e-13,0.00573665815297755,0.9825669487781699,Pakistan,348516647445.148,302,6771
2021,PAN,17083107713032404,2.2093612597196e-5,0,0.5450615473740754,Panama,67396392506.2378,34,828
2021,PER,16873892958.276022,2.7008395520056183e-11,0,0.8933677520419655,Peru,226328766459.634,32,2452
2021,PHL,129732367925380560,1.8070952300486276e-4,0.00573665815297755,0.8097225867807312,Philippines,394087359848.11,126,6401
2021,PNG,0,0,0,0.42090500482251825,Papua New Guinea,26109413521.3117,0,89
2021,POL,1148202863806009600,0.0014744814144913576,0,0.8476108014164581,Poland,689170230665.35,228,12218
2021,PRT,206518695263321020,2.6583410082015035e-4,0,0.776344710204205,Portugal,256055879091.139,239,12098
2021,PRY,0,0,0,0.5335458404906708,Paraguay,39950899938.7474,6,312
2021,QAT,7303133687.791402,1.70545222388796e-9,0,0.5927128638556504,Qatar,179732142857.143,23,1100
2021,ROU,20984165796097516,3.3868765179301263e-5,0,0.8703326758801377,Romania,285071280114.469,128,10615
2021,RUS,12429211310498073e3,0.017495295955102463,0.017209974458932648,0.7951939779062035,Russia,1829186719575.1,58,8795
2021,RWA,0,0,0,0.47068238611739505,Rwanda,11078787090.1564,16,313
2021,SAU,72318884945937380,9.295106456552737e-5,0.0344199489178653,0.8995547521264634,Saudi Arabia,982661066666.667,129,4442
2021,SDN,0,0,0,0.4380303333551431,Sudan,34229513774.9936,3,111
2021,SEN,0,0,0,0.4533542774728909,Senegal,27520784129.7508,11,356
2021,SGP,14710172126215397e3,0.02093339755153978,0,0.6813698959037832,Singapore,436591382250.464,973,22209
2021,SLB,0,0,0,0.4380303333551431,Solomon Islands,1558312103.84225,0,9
2021,SLE,0,0,0,0.47068238611739505,Sierra Leone,7166931485.49433,7,70
2021,SLV,0,0,0,0.5442746861959719,El Salvador,29043140000,19,415
2021,SMR,0,0,0,0.6814356359361589,San Marino,1855652786.18368,0,16
2021,SRB,2965869508196957,3.664599178998529e-6,0,0.584192178958543,Serbia,66159884072.5308,40,1840
2021,STP,0,0,0,0.47068238611739505,São Tomé & Príncipe,524402455.54816,1,2
2021,SUR,0,0,0,0.5335458404906707,Suriname,3107923197.96954,1,52
2021,SVK,28875247239890372,3.7168277396970595e-5,0,0.5726764720751383,Slovakia,120511265913.343,38,3171
2021,SVN,96561466.48659463,3.8356651188564683e-11,0,0.5959394502792712,Slovenia,61540813361.8556,19,1753
2021,SWE,4739880086855843e4,0.06080528428790122,0,0.7690407548417348,Sweden,631693331300.776,459,28003
2021,SWZ,0,0,0,0.5335458404906707,Eswatini,4807069277.20114,0,37
2021,SYC,190708590260414.44,1.2685536934231578e-6,0,0.6433398059584524,Seychelles,1487173794.80528,20,216
2021,TCD,0,0,0,0.37369263995908997,Chad,16871937697.5854,0,11
2021,TGO,0,0,0,0.4533542774728908,Togo,8541668141.26198,1,56
2021,THA,3196597980228213.5,7.726150539344445e-6,0.005738338486355693,0.7970974195031582,Thailand,506194668789.937,74,4761
2021,TON,0,0,0,0.5612667887784984,Tonga,519306352.78704,0,4
2021,TTO,0,0,0,0.5522443159046524,Trinidad & Tobago,24222963262.7213,26,1057
2021,TUN,139836889025.59274,2.8150353159617225e-9,0,0.5568088186948036,Tunisia,47073234359.1819,33,1110
2021,TUR,16103923974805060,2.3670234858608197e-5,0.00573665815297755,0.861727397783114,Turkey,839938668172.134,896,30205
2021,TWN,1362688183699797800,0.002887615981881364,0,0.6089936912491304,Taiwan,NA,78,5735
2021,TZA,0,0,0,0.42070222471063884,Tanzania,70655628147.8986,12,633
2021,UGA,0,0,0,0.5251609997526365,Uganda,40529788748.6737,34,943
2021,UKR,36549691312487504,4.802234062362132e-5,0,0.8355142674328206,Ukraine,199765859570.935,107,6771
2021,URY,203102062044772540,2.741534267125534e-4,0,0.545832897795597,Uruguay,60739084240.8633,20,927
2021,USA,20907271273095e8,2.478759943238171,2.4106398709503964,0.7787440872442677,United States,23315080560000,20396,1145922
2021,UZB,0,0,0,0.5160446919797714,Uzbekistan,77340060003.0347,9,169
2021,VCT,0,0,0,0.6491900150001756,St. Vincent & Grenadines,888677777.777778,0,0
2021,VNM,15190461651627638,2.0392405452263063e-5,0,0.7352238400933856,Vietnam,366474752771.009,311,8753
2021,VUT,0,0,0,0.6050951508013372,Vanuatu,950394006.532514,0,0
2021,WSM,0,0,0,0.42070222471063884,Samoa,859724936.05765,0,0
2021,ZAF,3926869908477125600,0.004785295202943685,0.022812205941658822,0.8551288199531767,South Africa,419986284375.368,299,24620
2021,ZWE,0,0,0,0.48219944796137304,Zimbabwe,41287673690.0771,5,456
